categories,chunks,context,id,targets,time_coords,time_indices,trials,words
animal,0,read,144,animal,6.8000030517578125,8,0,TIGRE
animal,0,read,144,animal,7.650003433227539,9,0,TIGRE
animal,0,read,144,animal,8.500003814697266,10,0,TIGRE
animal,0,read,144,animal,9.350004196166992,11,0,TIGRE
animal,0,read,144,animal,10.200004577636719,12,0,TIGRE
animal,0,read,144,animal,11.050004959106445,13,0,TIGRE
animal,0,read,145,animal,18.700008392333984,22,16,ELEFANTE
animal,0,read,145,animal,19.55000877380371,23,16,ELEFANTE
animal,0,read,145,animal,20.400009155273438,24,16,ELEFANTE
animal,0,read,145,animal,21.250009536743164,25,16,ELEFANTE
animal,0,read,145,animal,22.10000991821289,26,16,ELEFANTE
animal,0,read,145,animal,22.950010299682617,27,16,ELEFANTE
tool,0,read,146,tool,30.600013732910156,36,30,TALADRO
tool,0,read,146,tool,31.450014114379883,37,30,TALADRO
tool,0,read,146,tool,32.30001449584961,38,30,TALADRO
tool,0,read,146,tool,33.150014877319336,39,30,TALADRO
tool,0,read,146,tool,34.00001525878906,40,30,TALADRO
tool,0,read,146,tool,34.85001564025879,41,30,TALADRO
animal,0,read,147,animal,42.50001907348633,50,2,PERRO
animal,0,read,147,animal,43.350019454956055,51,2,PERRO
animal,0,read,147,animal,44.20001983642578,52,2,PERRO
animal,0,read,147,animal,45.05002021789551,53,2,PERRO
animal,0,read,147,animal,45.900020599365234,54,2,PERRO
animal,0,read,147,animal,46.75002098083496,55,2,PERRO
animal,0,read,148,animal,54.4000244140625,64,17,CANGURO
animal,0,read,148,animal,55.25002479553223,65,17,CANGURO
animal,0,read,148,animal,56.10002517700195,66,17,CANGURO
animal,0,read,148,animal,56.95002555847168,67,17,CANGURO
animal,0,read,148,animal,57.800025939941406,68,17,CANGURO
animal,0,read,148,animal,58.65002632141113,69,17,CANGURO
animal,0,read,149,animal,66.30002975463867,78,12,BALLENA
animal,0,read,149,animal,67.1500301361084,79,12,BALLENA
animal,0,read,149,animal,68.00003051757812,80,12,BALLENA
animal,0,read,149,animal,68.85003089904785,81,12,BALLENA
animal,0,read,149,animal,69.70003128051758,82,12,BALLENA
animal,0,read,149,animal,70.5500316619873,83,12,BALLENA
animal,0,read,151,animal,90.10004043579102,106,1,GALLO
animal,0,read,151,animal,90.95004081726074,107,1,GALLO
animal,0,read,151,animal,91.80004119873047,108,1,GALLO
animal,0,read,151,animal,92.6500415802002,109,1,GALLO
animal,0,read,151,animal,93.50004196166992,110,1,GALLO
animal,0,read,151,animal,94.35004234313965,111,1,GALLO
animal,0,read,152,animal,102.85004615783691,121,13,TORTUGA
animal,0,read,152,animal,103.70004653930664,122,13,TORTUGA
animal,0,read,152,animal,104.55004692077637,123,13,TORTUGA
animal,0,read,152,animal,105.4000473022461,124,13,TORTUGA
animal,0,read,152,animal,106.25004768371582,125,13,TORTUGA
animal,0,read,152,animal,107.10004806518555,126,13,TORTUGA
animal,0,read,154,animal,126.65005683898926,149,14,PANTERA
animal,0,read,154,animal,127.50005722045898,150,14,PANTERA
animal,0,read,154,animal,128.3500576019287,151,14,PANTERA
animal,0,read,154,animal,129.20005798339844,152,14,PANTERA
animal,0,read,154,animal,130.05005836486816,153,14,PANTERA
animal,0,read,154,animal,130.9000587463379,154,14,PANTERA
tool,0,read,155,tool,139.40006256103516,164,34,MARTILLO
tool,0,read,155,tool,140.25006294250488,165,34,MARTILLO
tool,0,read,155,tool,141.1000633239746,166,34,MARTILLO
tool,0,read,155,tool,141.95006370544434,167,34,MARTILLO
tool,0,read,155,tool,142.80006408691406,168,34,MARTILLO
tool,0,read,155,tool,143.6500644683838,169,34,MARTILLO
animal,0,read,156,animal,151.30006790161133,178,5,GORILA
animal,0,read,156,animal,152.15006828308105,179,5,GORILA
animal,0,read,156,animal,153.00006866455078,180,5,GORILA
animal,0,read,156,animal,153.8500690460205,181,5,GORILA
animal,0,read,156,animal,154.70006942749023,182,5,GORILA
animal,0,read,156,animal,155.55006980895996,183,5,GORILA
tool,0,read,157,tool,163.2000732421875,192,26,ALICATE
tool,0,read,157,tool,164.05007362365723,193,26,ALICATE
tool,0,read,157,tool,164.90007400512695,194,26,ALICATE
tool,0,read,157,tool,165.75007438659668,195,26,ALICATE
tool,0,read,157,tool,166.6000747680664,196,26,ALICATE
tool,0,read,157,tool,167.45007514953613,197,26,ALICATE
tool,0,read,158,tool,176.80007934570312,208,35,CUCHILLO
tool,0,read,158,tool,177.65007972717285,209,35,CUCHILLO
tool,0,read,158,tool,178.50008010864258,210,35,CUCHILLO
tool,0,read,158,tool,179.3500804901123,211,35,CUCHILLO
tool,0,read,158,tool,180.20008087158203,212,35,CUCHILLO
tool,0,read,158,tool,181.05008125305176,213,35,CUCHILLO
tool,0,read,159,tool,189.55008506774902,223,33,CUCHARA
tool,0,read,159,tool,190.40008544921875,224,33,CUCHARA
tool,0,read,159,tool,191.25008583068848,225,33,CUCHARA
tool,0,read,159,tool,192.1000862121582,226,33,CUCHARA
tool,0,read,159,tool,192.95008659362793,227,33,CUCHARA
tool,0,read,159,tool,193.80008697509766,228,33,CUCHARA
tool,0,read,160,tool,202.30009078979492,238,31,SOPLETE
tool,0,read,160,tool,203.15009117126465,239,31,SOPLETE
tool,0,read,160,tool,204.00009155273438,240,31,SOPLETE
tool,0,read,160,tool,204.8500919342041,241,31,SOPLETE
tool,0,read,160,tool,205.70009231567383,242,31,SOPLETE
tool,0,read,160,tool,206.55009269714355,243,31,SOPLETE
tool,0,read,161,tool,215.05009651184082,253,27,TUERCA
tool,0,read,161,tool,215.90009689331055,254,27,TUERCA
tool,0,read,161,tool,216.75009727478027,255,27,TUERCA
tool,0,read,161,tool,217.60009765625,256,27,TUERCA
tool,0,read,161,tool,218.45009803771973,257,27,TUERCA
tool,0,read,161,tool,219.30009841918945,258,27,TUERCA
tool,0,read,162,tool,227.80010223388672,268,28,NAVAJA
tool,0,read,162,tool,228.65010261535645,269,28,NAVAJA
tool,0,read,162,tool,229.50010299682617,270,28,NAVAJA
tool,0,read,162,tool,230.3501033782959,271,28,NAVAJA
tool,0,read,162,tool,231.20010375976562,272,28,NAVAJA
tool,0,read,162,tool,232.05010414123535,273,28,NAVAJA
animal,0,read,163,animal,240.55010795593262,283,15,CAMELLO
animal,0,read,163,animal,241.40010833740234,284,15,CAMELLO
animal,0,read,163,animal,242.25010871887207,285,15,CAMELLO
animal,0,read,163,animal,243.1001091003418,286,15,CAMELLO
animal,0,read,163,animal,243.95010948181152,287,15,CAMELLO
animal,0,read,163,animal,244.80010986328125,288,15,CAMELLO
animal,0,read,164,animal,253.30011367797852,298,7,YEGUA
animal,0,read,164,animal,254.15011405944824,299,7,YEGUA
animal,0,read,164,animal,255.00011444091797,300,7,YEGUA
animal,0,read,164,animal,255.8501148223877,301,7,YEGUA
animal,0,read,164,animal,256.7001152038574,302,7,YEGUA
animal,0,read,164,animal,257.55011558532715,303,7,YEGUA
tool,0,read,165,tool,264.35011863708496,311,18,LLAVE
tool,0,read,165,tool,265.2001190185547,312,18,LLAVE
tool,0,read,165,tool,266.0501194000244,313,18,LLAVE
tool,0,read,165,tool,266.90011978149414,314,18,LLAVE
tool,0,read,165,tool,267.75012016296387,315,18,LLAVE
tool,0,read,165,tool,268.6001205444336,316,18,LLAVE
tool,0,read,165,tool,269.4501209259033,317,18,LLAVE
tool,0,read,166,tool,276.25012397766113,325,23,SIERRA
tool,0,read,166,tool,277.10012435913086,326,23,SIERRA
tool,0,read,166,tool,277.9501247406006,327,23,SIERRA
tool,0,read,166,tool,278.8001251220703,328,23,SIERRA
tool,0,read,166,tool,279.65012550354004,329,23,SIERRA
tool,0,read,166,tool,280.50012588500977,330,23,SIERRA
tool,0,read,167,tool,288.1501293182373,339,32,TORNILLO
tool,0,read,167,tool,289.00012969970703,340,32,TORNILLO
tool,0,read,167,tool,289.85013008117676,341,32,TORNILLO
tool,0,read,167,tool,290.7001304626465,342,32,TORNILLO
tool,0,read,167,tool,291.5501308441162,343,32,TORNILLO
tool,0,read,167,tool,292.40013122558594,344,32,TORNILLO
animal,0,read,168,animal,300.0501346588135,353,3,OVEJA
animal,0,read,168,animal,300.9001350402832,354,3,OVEJA
animal,0,read,168,animal,301.75013542175293,355,3,OVEJA
animal,0,read,168,animal,302.60013580322266,356,3,OVEJA
animal,0,read,168,animal,303.4501361846924,357,3,OVEJA
animal,0,read,168,animal,304.3001365661621,358,3,OVEJA
animal,0,read,169,animal,311.95013999938965,367,4,CERDO
animal,0,read,169,animal,312.8001403808594,368,4,CERDO
animal,0,read,169,animal,313.6501407623291,369,4,CERDO
animal,0,read,169,animal,314.5001411437988,370,4,CERDO
animal,0,read,169,animal,315.35014152526855,371,4,CERDO
animal,0,read,169,animal,316.2001419067383,372,4,CERDO
tool,0,read,170,tool,323.8501453399658,381,19,LAPIZ
tool,0,read,170,tool,324.70014572143555,382,19,LAPIZ
tool,0,read,170,tool,325.5501461029053,383,19,LAPIZ
tool,0,read,170,tool,326.400146484375,384,19,LAPIZ
tool,0,read,170,tool,327.2501468658447,385,19,LAPIZ
tool,0,read,170,tool,328.10014724731445,386,19,LAPIZ
tool,0,read,171,tool,335.750150680542,395,22,PINZA
tool,0,read,171,tool,336.6001510620117,396,22,PINZA
tool,0,read,171,tool,337.45015144348145,397,22,PINZA
tool,0,read,171,tool,338.3001518249512,398,22,PINZA
tool,0,read,171,tool,339.1501522064209,399,22,PINZA
tool,0,read,171,tool,340.0001525878906,400,22,PINZA
tool,0,read,172,tool,347.65015602111816,409,24,CLAVO
tool,0,read,172,tool,348.5001564025879,410,24,CLAVO
tool,0,read,172,tool,349.3501567840576,411,24,CLAVO
tool,0,read,172,tool,350.20015716552734,412,24,CLAVO
tool,0,read,172,tool,351.05015754699707,413,24,CLAVO
tool,0,read,172,tool,351.9001579284668,414,24,CLAVO
tool,0,read,173,tool,359.55016136169434,423,29,CEPILLO
tool,0,read,173,tool,360.40016174316406,424,29,CEPILLO
tool,0,read,173,tool,361.2501621246338,425,29,CEPILLO
tool,0,read,173,tool,362.1001625061035,426,29,CEPILLO
tool,0,read,173,tool,362.95016288757324,427,29,CEPILLO
tool,0,read,173,tool,363.80016326904297,428,29,CEPILLO
animal,0,read,174,animal,371.4501667022705,437,9,CONEJO
animal,0,read,174,animal,372.30016708374023,438,9,CONEJO
animal,0,read,174,animal,373.15016746520996,439,9,CONEJO
animal,0,read,174,animal,374.0001678466797,440,9,CONEJO
animal,0,read,174,animal,374.8501682281494,441,9,CONEJO
animal,0,read,174,animal,375.70016860961914,442,9,CONEJO
animal,0,read,175,animal,383.3501720428467,451,11,CABALLO
animal,0,read,175,animal,384.2001724243164,452,11,CABALLO
animal,0,read,175,animal,385.05017280578613,453,11,CABALLO
animal,0,read,175,animal,385.90017318725586,454,11,CABALLO
animal,0,read,175,animal,386.7501735687256,455,11,CABALLO
animal,0,read,175,animal,387.6001739501953,456,11,CABALLO
animal,0,read,176,animal,395.25017738342285,465,6,BURRO
animal,0,read,176,animal,396.1001777648926,466,6,BURRO
animal,0,read,176,animal,396.9501781463623,467,6,BURRO
animal,0,read,176,animal,397.80017852783203,468,6,BURRO
animal,0,read,176,animal,398.65017890930176,469,6,BURRO
animal,0,read,176,animal,399.5001792907715,470,6,BURRO
tool,0,read,177,tool,408.00018310546875,480,21,AGUJA
tool,0,read,177,tool,408.8501834869385,481,21,AGUJA
tool,0,read,177,tool,409.7001838684082,482,21,AGUJA
tool,0,read,177,tool,410.55018424987793,483,21,AGUJA
tool,0,read,177,tool,411.40018463134766,484,21,AGUJA
tool,0,read,177,tool,412.2501850128174,485,21,AGUJA
tool,0,read,178,tool,419.0501880645752,493,25,PINCEL
tool,0,read,178,tool,419.9001884460449,494,25,PINCEL
tool,0,read,178,tool,420.75018882751465,495,25,PINCEL
tool,0,read,178,tool,421.6001892089844,496,25,PINCEL
tool,0,read,178,tool,422.4501895904541,497,25,PINCEL
tool,0,read,178,tool,423.3001899719238,498,25,PINCEL
tool,0,read,178,tool,424.15019035339355,499,25,PINCEL
animal,0,read,179,animal,430.95019340515137,507,8,ARDILLA
animal,0,read,179,animal,431.8001937866211,508,8,ARDILLA
animal,0,read,179,animal,432.6501941680908,509,8,ARDILLA
animal,0,read,179,animal,433.50019454956055,510,8,ARDILLA
animal,0,read,179,animal,434.3501949310303,511,8,ARDILLA
animal,0,read,179,animal,435.2001953125,512,8,ARDILLA
animal,1,reenact,0,animal,6.8000030517578125,8,3,OVEJA
animal,1,reenact,0,animal,7.650003433227539,9,3,OVEJA
animal,1,reenact,0,animal,8.500003814697266,10,3,OVEJA
animal,1,reenact,0,animal,9.350004196166992,11,3,OVEJA
animal,1,reenact,0,animal,10.200004577636719,12,3,OVEJA
animal,1,reenact,0,animal,11.050004959106445,13,3,OVEJA
animal,1,reenact,1,animal,19.55000877380371,23,7,YEGUA
animal,1,reenact,1,animal,20.400009155273438,24,7,YEGUA
animal,1,reenact,1,animal,21.250009536743164,25,7,YEGUA
animal,1,reenact,1,animal,22.10000991821289,26,7,YEGUA
animal,1,reenact,1,animal,22.950010299682617,27,7,YEGUA
animal,1,reenact,1,animal,23.800010681152344,28,7,YEGUA
animal,1,reenact,2,animal,31.450014114379883,37,2,PERRO
animal,1,reenact,2,animal,32.30001449584961,38,2,PERRO
animal,1,reenact,2,animal,33.150014877319336,39,2,PERRO
animal,1,reenact,2,animal,34.00001525878906,40,2,PERRO
animal,1,reenact,2,animal,34.85001564025879,41,2,PERRO
animal,1,reenact,2,animal,35.700016021728516,42,2,PERRO
tool,1,reenact,3,tool,43.350019454956055,51,26,ALICATE
tool,1,reenact,3,tool,44.20001983642578,52,26,ALICATE
tool,1,reenact,3,tool,45.05002021789551,53,26,ALICATE
tool,1,reenact,3,tool,45.900020599365234,54,26,ALICATE
tool,1,reenact,3,tool,46.75002098083496,55,26,ALICATE
tool,1,reenact,3,tool,47.60002136230469,56,26,ALICATE
tool,1,reenact,4,tool,55.25002479553223,65,21,AGUJA
tool,1,reenact,4,tool,56.10002517700195,66,21,AGUJA
tool,1,reenact,4,tool,56.95002555847168,67,21,AGUJA
tool,1,reenact,4,tool,57.800025939941406,68,21,AGUJA
tool,1,reenact,4,tool,58.65002632141113,69,21,AGUJA
tool,1,reenact,4,tool,59.50002670288086,70,21,AGUJA
animal,1,reenact,5,animal,66.30002975463867,78,14,PANTERA
animal,1,reenact,5,animal,67.1500301361084,79,14,PANTERA
animal,1,reenact,5,animal,68.00003051757812,80,14,PANTERA
animal,1,reenact,5,animal,68.85003089904785,81,14,PANTERA
animal,1,reenact,5,animal,69.70003128051758,82,14,PANTERA
animal,1,reenact,5,animal,70.5500316619873,83,14,PANTERA
animal,1,reenact,5,animal,71.40003204345703,84,14,PANTERA
animal,1,reenact,6,animal,79.05003547668457,93,15,CAMELLO
animal,1,reenact,6,animal,79.9000358581543,94,15,CAMELLO
animal,1,reenact,6,animal,80.75003623962402,95,15,CAMELLO
animal,1,reenact,6,animal,81.60003662109375,96,15,CAMELLO
animal,1,reenact,6,animal,82.45003700256348,97,15,CAMELLO
animal,1,reenact,6,animal,83.3000373840332,98,15,CAMELLO
animal,1,reenact,6,animal,84.15003776550293,99,15,CAMELLO
tool,1,reenact,7,tool,93.50004196166992,110,31,SOPLETE
tool,1,reenact,7,tool,94.35004234313965,111,31,SOPLETE
tool,1,reenact,7,tool,95.20004272460938,112,31,SOPLETE
tool,1,reenact,7,tool,96.0500431060791,113,31,SOPLETE
tool,1,reenact,7,tool,96.90004348754883,114,31,SOPLETE
tool,1,reenact,7,tool,97.75004386901855,115,31,SOPLETE
animal,1,reenact,8,animal,105.4000473022461,124,0,TIGRE
animal,1,reenact,8,animal,106.25004768371582,125,0,TIGRE
animal,1,reenact,8,animal,107.10004806518555,126,0,TIGRE
animal,1,reenact,8,animal,107.95004844665527,127,0,TIGRE
animal,1,reenact,8,animal,108.800048828125,128,0,TIGRE
animal,1,reenact,8,animal,109.65004920959473,129,0,TIGRE
animal,1,reenact,9,animal,117.30005264282227,138,1,GALLO
animal,1,reenact,9,animal,118.15005302429199,139,1,GALLO
animal,1,reenact,9,animal,119.00005340576172,140,1,GALLO
animal,1,reenact,9,animal,119.85005378723145,141,1,GALLO
animal,1,reenact,9,animal,120.70005416870117,142,1,GALLO
animal,1,reenact,9,animal,121.5500545501709,143,1,GALLO
animal,1,reenact,9,animal,122.40005493164062,144,1,GALLO
animal,1,reenact,10,animal,129.20005798339844,152,12,BALLENA
animal,1,reenact,10,animal,130.05005836486816,153,12,BALLENA
animal,1,reenact,10,animal,130.9000587463379,154,12,BALLENA
animal,1,reenact,10,animal,131.75005912780762,155,12,BALLENA
animal,1,reenact,10,animal,132.60005950927734,156,12,BALLENA
animal,1,reenact,10,animal,133.45005989074707,157,12,BALLENA
tool,1,reenact,11,tool,142.80006408691406,168,30,TALADRO
tool,1,reenact,11,tool,143.6500644683838,169,30,TALADRO
tool,1,reenact,11,tool,144.50006484985352,170,30,TALADRO
tool,1,reenact,11,tool,145.35006523132324,171,30,TALADRO
tool,1,reenact,11,tool,146.20006561279297,172,30,TALADRO
tool,1,reenact,11,tool,147.0500659942627,173,30,TALADRO
tool,1,reenact,12,tool,154.70006942749023,182,23,SIERRA
tool,1,reenact,12,tool,155.55006980895996,183,23,SIERRA
tool,1,reenact,12,tool,156.4000701904297,184,23,SIERRA
tool,1,reenact,12,tool,157.2500705718994,185,23,SIERRA
tool,1,reenact,12,tool,158.10007095336914,186,23,SIERRA
tool,1,reenact,12,tool,158.95007133483887,187,23,SIERRA
animal,1,reenact,13,animal,167.45007514953613,197,8,ARDILLA
animal,1,reenact,13,animal,168.30007553100586,198,8,ARDILLA
animal,1,reenact,13,animal,169.1500759124756,199,8,ARDILLA
animal,1,reenact,13,animal,170.0000762939453,200,8,ARDILLA
animal,1,reenact,13,animal,170.85007667541504,201,8,ARDILLA
animal,1,reenact,13,animal,171.70007705688477,202,8,ARDILLA
animal,1,reenact,14,animal,179.3500804901123,211,4,CERDO
animal,1,reenact,14,animal,180.20008087158203,212,4,CERDO
animal,1,reenact,14,animal,181.05008125305176,213,4,CERDO
animal,1,reenact,14,animal,181.90008163452148,214,4,CERDO
animal,1,reenact,14,animal,182.7500820159912,215,4,CERDO
animal,1,reenact,14,animal,183.60008239746094,216,4,CERDO
animal,1,reenact,15,animal,191.25008583068848,225,9,CONEJO
animal,1,reenact,15,animal,192.1000862121582,226,9,CONEJO
animal,1,reenact,15,animal,192.95008659362793,227,9,CONEJO
animal,1,reenact,15,animal,193.80008697509766,228,9,CONEJO
animal,1,reenact,15,animal,194.65008735656738,229,9,CONEJO
animal,1,reenact,15,animal,195.5000877380371,230,9,CONEJO
tool,1,reenact,17,tool,215.05009651184082,253,27,TUERCA
tool,1,reenact,17,tool,215.90009689331055,254,27,TUERCA
tool,1,reenact,17,tool,216.75009727478027,255,27,TUERCA
tool,1,reenact,17,tool,217.60009765625,256,27,TUERCA
tool,1,reenact,17,tool,218.45009803771973,257,27,TUERCA
tool,1,reenact,17,tool,219.30009841918945,258,27,TUERCA
tool,1,reenact,18,tool,226.950101852417,267,33,CUCHARA
tool,1,reenact,18,tool,227.80010223388672,268,33,CUCHARA
tool,1,reenact,18,tool,228.65010261535645,269,33,CUCHARA
tool,1,reenact,18,tool,229.50010299682617,270,33,CUCHARA
tool,1,reenact,18,tool,230.3501033782959,271,33,CUCHARA
tool,1,reenact,18,tool,231.20010375976562,272,33,CUCHARA
tool,1,reenact,19,tool,238.85010719299316,281,25,PINCEL
tool,1,reenact,19,tool,239.7001075744629,282,25,PINCEL
tool,1,reenact,19,tool,240.55010795593262,283,25,PINCEL
tool,1,reenact,19,tool,241.40010833740234,284,25,PINCEL
tool,1,reenact,19,tool,242.25010871887207,285,25,PINCEL
tool,1,reenact,19,tool,243.1001091003418,286,25,PINCEL
animal,1,reenact,20,animal,251.60011291503906,296,6,BURRO
animal,1,reenact,20,animal,252.4501132965088,297,6,BURRO
animal,1,reenact,20,animal,253.30011367797852,298,6,BURRO
animal,1,reenact,20,animal,254.15011405944824,299,6,BURRO
animal,1,reenact,20,animal,255.00011444091797,300,6,BURRO
animal,1,reenact,20,animal,255.8501148223877,301,6,BURRO
animal,1,reenact,20,animal,256.7001152038574,302,6,BURRO
animal,1,reenact,21,animal,263.50011825561523,310,5,GORILA
animal,1,reenact,21,animal,264.35011863708496,311,5,GORILA
animal,1,reenact,21,animal,265.2001190185547,312,5,GORILA
animal,1,reenact,21,animal,266.0501194000244,313,5,GORILA
animal,1,reenact,21,animal,266.90011978149414,314,5,GORILA
animal,1,reenact,21,animal,267.75012016296387,315,5,GORILA
animal,1,reenact,22,animal,276.25012397766113,325,11,CABALLO
animal,1,reenact,22,animal,277.10012435913086,326,11,CABALLO
animal,1,reenact,22,animal,277.9501247406006,327,11,CABALLO
animal,1,reenact,22,animal,278.8001251220703,328,11,CABALLO
animal,1,reenact,22,animal,279.65012550354004,329,11,CABALLO
animal,1,reenact,22,animal,280.50012588500977,330,11,CABALLO
tool,1,reenact,23,tool,287.3001289367676,338,28,NAVAJA
tool,1,reenact,23,tool,288.1501293182373,339,28,NAVAJA
tool,1,reenact,23,tool,289.00012969970703,340,28,NAVAJA
tool,1,reenact,23,tool,289.85013008117676,341,28,NAVAJA
tool,1,reenact,23,tool,290.7001304626465,342,28,NAVAJA
tool,1,reenact,23,tool,291.5501308441162,343,28,NAVAJA
tool,1,reenact,23,tool,292.40013122558594,344,28,NAVAJA
tool,1,reenact,24,tool,300.0501346588135,353,19,LAPIZ
tool,1,reenact,24,tool,300.9001350402832,354,19,LAPIZ
tool,1,reenact,24,tool,301.75013542175293,355,19,LAPIZ
tool,1,reenact,24,tool,302.60013580322266,356,19,LAPIZ
tool,1,reenact,24,tool,303.4501361846924,357,19,LAPIZ
tool,1,reenact,24,tool,304.3001365661621,358,19,LAPIZ
tool,1,reenact,26,tool,324.70014572143555,382,32,TORNILLO
tool,1,reenact,26,tool,325.5501461029053,383,32,TORNILLO
tool,1,reenact,26,tool,326.400146484375,384,32,TORNILLO
tool,1,reenact,26,tool,327.2501468658447,385,32,TORNILLO
tool,1,reenact,26,tool,328.10014724731445,386,32,TORNILLO
tool,1,reenact,26,tool,328.9501476287842,387,32,TORNILLO
tool,1,reenact,27,tool,336.6001510620117,396,18,LLAVE
tool,1,reenact,27,tool,337.45015144348145,397,18,LLAVE
tool,1,reenact,27,tool,338.3001518249512,398,18,LLAVE
tool,1,reenact,27,tool,339.1501522064209,399,18,LLAVE
tool,1,reenact,27,tool,340.0001525878906,400,18,LLAVE
tool,1,reenact,27,tool,340.85015296936035,401,18,LLAVE
animal,1,reenact,28,animal,347.65015602111816,409,16,ELEFANTE
animal,1,reenact,28,animal,348.5001564025879,410,16,ELEFANTE
animal,1,reenact,28,animal,349.3501567840576,411,16,ELEFANTE
animal,1,reenact,28,animal,350.20015716552734,412,16,ELEFANTE
animal,1,reenact,28,animal,351.05015754699707,413,16,ELEFANTE
animal,1,reenact,28,animal,351.9001579284668,414,16,ELEFANTE
animal,1,reenact,29,animal,359.55016136169434,423,10,GALLINA
animal,1,reenact,29,animal,360.40016174316406,424,10,GALLINA
animal,1,reenact,29,animal,361.2501621246338,425,10,GALLINA
animal,1,reenact,29,animal,362.1001625061035,426,10,GALLINA
animal,1,reenact,29,animal,362.95016288757324,427,10,GALLINA
animal,1,reenact,29,animal,363.80016326904297,428,10,GALLINA
tool,1,reenact,30,tool,372.30016708374023,438,34,MARTILLO
tool,1,reenact,30,tool,373.15016746520996,439,34,MARTILLO
tool,1,reenact,30,tool,374.0001678466797,440,34,MARTILLO
tool,1,reenact,30,tool,374.8501682281494,441,34,MARTILLO
tool,1,reenact,30,tool,375.70016860961914,442,34,MARTILLO
tool,1,reenact,30,tool,376.55016899108887,443,34,MARTILLO
tool,1,reenact,31,tool,385.05017280578613,453,20,TIJERA
tool,1,reenact,31,tool,385.90017318725586,454,20,TIJERA
tool,1,reenact,31,tool,386.7501735687256,455,20,TIJERA
tool,1,reenact,31,tool,387.6001739501953,456,20,TIJERA
tool,1,reenact,31,tool,388.45017433166504,457,20,TIJERA
tool,1,reenact,31,tool,389.30017471313477,458,20,TIJERA
tool,1,reenact,32,tool,396.1001777648926,466,24,CLAVO
tool,1,reenact,32,tool,396.9501781463623,467,24,CLAVO
tool,1,reenact,32,tool,397.80017852783203,468,24,CLAVO
tool,1,reenact,32,tool,398.65017890930176,469,24,CLAVO
tool,1,reenact,32,tool,399.5001792907715,470,24,CLAVO
tool,1,reenact,32,tool,400.3501796722412,471,24,CLAVO
tool,1,reenact,32,tool,401.20018005371094,472,24,CLAVO
tool,1,reenact,33,tool,408.00018310546875,480,22,PINZA
tool,1,reenact,33,tool,408.8501834869385,481,22,PINZA
tool,1,reenact,33,tool,409.7001838684082,482,22,PINZA
tool,1,reenact,33,tool,410.55018424987793,483,22,PINZA
tool,1,reenact,33,tool,411.40018463134766,484,22,PINZA
tool,1,reenact,33,tool,412.2501850128174,485,22,PINZA
animal,1,reenact,34,animal,419.9001884460449,494,13,TORTUGA
animal,1,reenact,34,animal,420.75018882751465,495,13,TORTUGA
animal,1,reenact,34,animal,421.6001892089844,496,13,TORTUGA
animal,1,reenact,34,animal,422.4501895904541,497,13,TORTUGA
animal,1,reenact,34,animal,423.3001899719238,498,13,TORTUGA
animal,1,reenact,34,animal,424.15019035339355,499,13,TORTUGA
tool,1,reenact,35,tool,431.8001937866211,508,29,CEPILLO
tool,1,reenact,35,tool,432.6501941680908,509,29,CEPILLO
tool,1,reenact,35,tool,433.50019454956055,510,29,CEPILLO
tool,1,reenact,35,tool,434.3501949310303,511,29,CEPILLO
tool,1,reenact,35,tool,435.2001953125,512,29,CEPILLO
tool,1,reenact,35,tool,436.0501956939697,513,29,CEPILLO
animal,2,read,180,animal,6.8000030517578125,8,8,ARDILLA
animal,2,read,180,animal,7.650003433227539,9,8,ARDILLA
animal,2,read,180,animal,8.500003814697266,10,8,ARDILLA
animal,2,read,180,animal,9.350004196166992,11,8,ARDILLA
animal,2,read,180,animal,10.200004577636719,12,8,ARDILLA
animal,2,read,180,animal,11.050004959106445,13,8,ARDILLA
animal,2,read,181,animal,18.700008392333984,22,15,CAMELLO
animal,2,read,181,animal,19.55000877380371,23,15,CAMELLO
animal,2,read,181,animal,20.400009155273438,24,15,CAMELLO
animal,2,read,181,animal,21.250009536743164,25,15,CAMELLO
animal,2,read,181,animal,22.10000991821289,26,15,CAMELLO
animal,2,read,181,animal,22.950010299682617,27,15,CAMELLO
tool,2,read,182,tool,30.600013732910156,36,18,LLAVE
tool,2,read,182,tool,31.450014114379883,37,18,LLAVE
tool,2,read,182,tool,32.30001449584961,38,18,LLAVE
tool,2,read,182,tool,33.150014877319336,39,18,LLAVE
tool,2,read,182,tool,34.00001525878906,40,18,LLAVE
tool,2,read,182,tool,34.85001564025879,41,18,LLAVE
animal,2,read,183,animal,42.50001907348633,50,3,OVEJA
animal,2,read,183,animal,43.350019454956055,51,3,OVEJA
animal,2,read,183,animal,44.20001983642578,52,3,OVEJA
animal,2,read,183,animal,45.05002021789551,53,3,OVEJA
animal,2,read,183,animal,45.900020599365234,54,3,OVEJA
animal,2,read,183,animal,46.75002098083496,55,3,OVEJA
animal,2,read,184,animal,53.55002403259277,63,2,PERRO
animal,2,read,184,animal,54.4000244140625,64,2,PERRO
animal,2,read,184,animal,55.25002479553223,65,2,PERRO
animal,2,read,184,animal,56.10002517700195,66,2,PERRO
animal,2,read,184,animal,56.95002555847168,67,2,PERRO
animal,2,read,184,animal,57.800025939941406,68,2,PERRO
animal,2,read,184,animal,58.65002632141113,69,2,PERRO
tool,2,read,185,tool,66.30002975463867,78,29,CEPILLO
tool,2,read,185,tool,67.1500301361084,79,29,CEPILLO
tool,2,read,185,tool,68.00003051757812,80,29,CEPILLO
tool,2,read,185,tool,68.85003089904785,81,29,CEPILLO
tool,2,read,185,tool,69.70003128051758,82,29,CEPILLO
tool,2,read,185,tool,70.5500316619873,83,29,CEPILLO
tool,2,read,185,tool,71.40003204345703,84,29,CEPILLO
tool,2,read,186,tool,78.20003509521484,92,33,CUCHARA
tool,2,read,186,tool,79.05003547668457,93,33,CUCHARA
tool,2,read,186,tool,79.9000358581543,94,33,CUCHARA
tool,2,read,186,tool,80.75003623962402,95,33,CUCHARA
tool,2,read,186,tool,81.60003662109375,96,33,CUCHARA
tool,2,read,186,tool,82.45003700256348,97,33,CUCHARA
animal,2,read,187,animal,90.95004081726074,107,5,GORILA
animal,2,read,187,animal,91.80004119873047,108,5,GORILA
animal,2,read,187,animal,92.6500415802002,109,5,GORILA
animal,2,read,187,animal,93.50004196166992,110,5,GORILA
animal,2,read,187,animal,94.35004234313965,111,5,GORILA
animal,2,read,187,animal,95.20004272460938,112,5,GORILA
tool,2,read,188,tool,102.85004615783691,121,21,AGUJA
tool,2,read,188,tool,103.70004653930664,122,21,AGUJA
tool,2,read,188,tool,104.55004692077637,123,21,AGUJA
tool,2,read,188,tool,105.4000473022461,124,21,AGUJA
tool,2,read,188,tool,106.25004768371582,125,21,AGUJA
tool,2,read,188,tool,107.10004806518555,126,21,AGUJA
animal,2,read,189,animal,114.75005149841309,135,9,CONEJO
animal,2,read,189,animal,115.60005187988281,136,9,CONEJO
animal,2,read,189,animal,116.45005226135254,137,9,CONEJO
animal,2,read,189,animal,117.30005264282227,138,9,CONEJO
animal,2,read,189,animal,118.15005302429199,139,9,CONEJO
animal,2,read,189,animal,119.00005340576172,140,9,CONEJO
tool,2,read,190,tool,127.50005722045898,150,22,PINZA
tool,2,read,190,tool,128.3500576019287,151,22,PINZA
tool,2,read,190,tool,129.20005798339844,152,22,PINZA
tool,2,read,190,tool,130.05005836486816,153,22,PINZA
tool,2,read,190,tool,130.9000587463379,154,22,PINZA
tool,2,read,190,tool,131.75005912780762,155,22,PINZA
tool,2,read,191,tool,139.40006256103516,164,20,TIJERA
tool,2,read,191,tool,140.25006294250488,165,20,TIJERA
tool,2,read,191,tool,141.1000633239746,166,20,TIJERA
tool,2,read,191,tool,141.95006370544434,167,20,TIJERA
tool,2,read,191,tool,142.80006408691406,168,20,TIJERA
tool,2,read,191,tool,143.6500644683838,169,20,TIJERA
tool,2,read,192,tool,153.00006866455078,180,27,TUERCA
tool,2,read,192,tool,153.8500690460205,181,27,TUERCA
tool,2,read,192,tool,154.70006942749023,182,27,TUERCA
tool,2,read,192,tool,155.55006980895996,183,27,TUERCA
tool,2,read,192,tool,156.4000701904297,184,27,TUERCA
tool,2,read,192,tool,157.2500705718994,185,27,TUERCA
tool,2,read,192,tool,158.10007095336914,186,27,TUERCA
tool,2,read,193,tool,165.75007438659668,195,32,TORNILLO
tool,2,read,193,tool,166.6000747680664,196,32,TORNILLO
tool,2,read,193,tool,167.45007514953613,197,32,TORNILLO
tool,2,read,193,tool,168.30007553100586,198,32,TORNILLO
tool,2,read,193,tool,169.1500759124756,199,32,TORNILLO
tool,2,read,193,tool,170.0000762939453,200,32,TORNILLO
tool,2,read,193,tool,170.85007667541504,201,32,TORNILLO
tool,2,read,194,tool,177.65007972717285,209,26,ALICATE
tool,2,read,194,tool,178.50008010864258,210,26,ALICATE
tool,2,read,194,tool,179.3500804901123,211,26,ALICATE
tool,2,read,194,tool,180.20008087158203,212,26,ALICATE
tool,2,read,194,tool,181.05008125305176,213,26,ALICATE
tool,2,read,194,tool,181.90008163452148,214,26,ALICATE
tool,2,read,195,tool,189.55008506774902,223,34,MARTILLO
tool,2,read,195,tool,190.40008544921875,224,34,MARTILLO
tool,2,read,195,tool,191.25008583068848,225,34,MARTILLO
tool,2,read,195,tool,192.1000862121582,226,34,MARTILLO
tool,2,read,195,tool,192.95008659362793,227,34,MARTILLO
tool,2,read,195,tool,193.80008697509766,228,34,MARTILLO
animal,2,read,196,animal,202.30009078979492,238,4,CERDO
animal,2,read,196,animal,203.15009117126465,239,4,CERDO
animal,2,read,196,animal,204.00009155273438,240,4,CERDO
animal,2,read,196,animal,204.8500919342041,241,4,CERDO
animal,2,read,196,animal,205.70009231567383,242,4,CERDO
animal,2,read,196,animal,206.55009269714355,243,4,CERDO
animal,2,read,197,animal,214.2000961303711,252,10,GALLINA
animal,2,read,197,animal,215.05009651184082,253,10,GALLINA
animal,2,read,197,animal,215.90009689331055,254,10,GALLINA
animal,2,read,197,animal,216.75009727478027,255,10,GALLINA
animal,2,read,197,animal,217.60009765625,256,10,GALLINA
animal,2,read,197,animal,218.45009803771973,257,10,GALLINA
animal,2,read,199,animal,238.00010681152344,280,16,ELEFANTE
animal,2,read,199,animal,238.85010719299316,281,16,ELEFANTE
animal,2,read,199,animal,239.7001075744629,282,16,ELEFANTE
animal,2,read,199,animal,240.55010795593262,283,16,ELEFANTE
animal,2,read,199,animal,241.40010833740234,284,16,ELEFANTE
animal,2,read,199,animal,242.25010871887207,285,16,ELEFANTE
tool,2,read,200,tool,249.9001121520996,294,19,LAPIZ
tool,2,read,200,tool,250.75011253356934,295,19,LAPIZ
tool,2,read,200,tool,251.60011291503906,296,19,LAPIZ
tool,2,read,200,tool,252.4501132965088,297,19,LAPIZ
tool,2,read,200,tool,253.30011367797852,298,19,LAPIZ
tool,2,read,200,tool,254.15011405944824,299,19,LAPIZ
animal,2,read,201,animal,261.8001174926758,308,11,CABALLO
animal,2,read,201,animal,262.6501178741455,309,11,CABALLO
animal,2,read,201,animal,263.50011825561523,310,11,CABALLO
animal,2,read,201,animal,264.35011863708496,311,11,CABALLO
animal,2,read,201,animal,265.2001190185547,312,11,CABALLO
animal,2,read,201,animal,266.0501194000244,313,11,CABALLO
animal,2,read,202,animal,273.70012283325195,322,17,CANGURO
animal,2,read,202,animal,274.5501232147217,323,17,CANGURO
animal,2,read,202,animal,275.4001235961914,324,17,CANGURO
animal,2,read,202,animal,276.25012397766113,325,17,CANGURO
animal,2,read,202,animal,277.10012435913086,326,17,CANGURO
animal,2,read,202,animal,277.9501247406006,327,17,CANGURO
tool,2,read,203,tool,285.6001281738281,336,31,SOPLETE
tool,2,read,203,tool,286.45012855529785,337,31,SOPLETE
tool,2,read,203,tool,287.3001289367676,338,31,SOPLETE
tool,2,read,203,tool,288.1501293182373,339,31,SOPLETE
tool,2,read,203,tool,289.00012969970703,340,31,SOPLETE
tool,2,read,203,tool,289.85013008117676,341,31,SOPLETE
animal,2,read,204,animal,299.20013427734375,352,14,PANTERA
animal,2,read,204,animal,300.0501346588135,353,14,PANTERA
animal,2,read,204,animal,300.9001350402832,354,14,PANTERA
animal,2,read,204,animal,301.75013542175293,355,14,PANTERA
animal,2,read,204,animal,302.60013580322266,356,14,PANTERA
animal,2,read,204,animal,303.4501361846924,357,14,PANTERA
tool,2,read,205,tool,310.2501392364502,365,30,TALADRO
tool,2,read,205,tool,311.1001396179199,366,30,TALADRO
tool,2,read,205,tool,311.95013999938965,367,30,TALADRO
tool,2,read,205,tool,312.8001403808594,368,30,TALADRO
tool,2,read,205,tool,313.6501407623291,369,30,TALADRO
tool,2,read,205,tool,314.5001411437988,370,30,TALADRO
tool,2,read,205,tool,315.35014152526855,371,30,TALADRO
animal,2,read,206,animal,322.15014457702637,379,7,YEGUA
animal,2,read,206,animal,323.0001449584961,380,7,YEGUA
animal,2,read,206,animal,323.8501453399658,381,7,YEGUA
animal,2,read,206,animal,324.70014572143555,382,7,YEGUA
animal,2,read,206,animal,325.5501461029053,383,7,YEGUA
animal,2,read,206,animal,326.400146484375,384,7,YEGUA
tool,2,read,207,tool,334.05014991760254,393,25,PINCEL
tool,2,read,207,tool,334.90015029907227,394,25,PINCEL
tool,2,read,207,tool,335.750150680542,395,25,PINCEL
tool,2,read,207,tool,336.6001510620117,396,25,PINCEL
tool,2,read,207,tool,337.45015144348145,397,25,PINCEL
tool,2,read,207,tool,338.3001518249512,398,25,PINCEL
tool,2,read,208,tool,345.9501552581787,407,28,NAVAJA
tool,2,read,208,tool,346.80015563964844,408,28,NAVAJA
tool,2,read,208,tool,347.65015602111816,409,28,NAVAJA
tool,2,read,208,tool,348.5001564025879,410,28,NAVAJA
tool,2,read,208,tool,349.3501567840576,411,28,NAVAJA
tool,2,read,208,tool,350.20015716552734,412,28,NAVAJA
animal,2,read,209,animal,357.8501605987549,421,1,GALLO
animal,2,read,209,animal,358.7001609802246,422,1,GALLO
animal,2,read,209,animal,359.55016136169434,423,1,GALLO
animal,2,read,209,animal,360.40016174316406,424,1,GALLO
animal,2,read,209,animal,361.2501621246338,425,1,GALLO
animal,2,read,209,animal,362.1001625061035,426,1,GALLO
animal,2,read,210,animal,369.75016593933105,435,13,TORTUGA
animal,2,read,210,animal,370.6001663208008,436,13,TORTUGA
animal,2,read,210,animal,371.4501667022705,437,13,TORTUGA
animal,2,read,210,animal,372.30016708374023,438,13,TORTUGA
animal,2,read,210,animal,373.15016746520996,439,13,TORTUGA
animal,2,read,210,animal,374.0001678466797,440,13,TORTUGA
animal,2,read,211,animal,380.8001708984375,448,6,BURRO
animal,2,read,211,animal,381.6501712799072,449,6,BURRO
animal,2,read,211,animal,382.50017166137695,450,6,BURRO
animal,2,read,211,animal,383.3501720428467,451,6,BURRO
animal,2,read,211,animal,384.2001724243164,452,6,BURRO
animal,2,read,211,animal,385.05017280578613,453,6,BURRO
animal,2,read,211,animal,385.90017318725586,454,6,BURRO
tool,2,read,212,tool,393.5501766204834,463,35,CUCHILLO
tool,2,read,212,tool,394.4001770019531,464,35,CUCHILLO
tool,2,read,212,tool,395.25017738342285,465,35,CUCHILLO
tool,2,read,212,tool,396.1001777648926,466,35,CUCHILLO
tool,2,read,212,tool,396.9501781463623,467,35,CUCHILLO
tool,2,read,212,tool,397.80017852783203,468,35,CUCHILLO
tool,2,read,212,tool,398.65017890930176,469,35,CUCHILLO
tool,2,read,213,tool,405.45018196105957,477,24,CLAVO
tool,2,read,213,tool,406.3001823425293,478,24,CLAVO
tool,2,read,213,tool,407.150182723999,479,24,CLAVO
tool,2,read,213,tool,408.00018310546875,480,24,CLAVO
tool,2,read,213,tool,408.8501834869385,481,24,CLAVO
tool,2,read,213,tool,409.7001838684082,482,24,CLAVO
animal,2,read,214,animal,419.0501880645752,493,0,TIGRE
animal,2,read,214,animal,419.9001884460449,494,0,TIGRE
animal,2,read,214,animal,420.75018882751465,495,0,TIGRE
animal,2,read,214,animal,421.6001892089844,496,0,TIGRE
animal,2,read,214,animal,422.4501895904541,497,0,TIGRE
animal,2,read,214,animal,423.3001899719238,498,0,TIGRE
tool,2,read,215,tool,430.95019340515137,507,23,SIERRA
tool,2,read,215,tool,431.8001937866211,508,23,SIERRA
tool,2,read,215,tool,432.6501941680908,509,23,SIERRA
tool,2,read,215,tool,433.50019454956055,510,23,SIERRA
tool,2,read,215,tool,434.3501949310303,511,23,SIERRA
tool,2,read,215,tool,435.2001953125,512,23,SIERRA
tool,3,reenact,36,tool,6.8000030517578125,8,30,TALADRO
tool,3,reenact,36,tool,7.650003433227539,9,30,TALADRO
tool,3,reenact,36,tool,8.500003814697266,10,30,TALADRO
tool,3,reenact,36,tool,9.350004196166992,11,30,TALADRO
tool,3,reenact,36,tool,10.200004577636719,12,30,TALADRO
tool,3,reenact,36,tool,11.050004959106445,13,30,TALADRO
tool,3,reenact,38,tool,32.30001449584961,38,26,ALICATE
tool,3,reenact,38,tool,33.150014877319336,39,26,ALICATE
tool,3,reenact,38,tool,34.00001525878906,40,26,ALICATE
tool,3,reenact,38,tool,34.85001564025879,41,26,ALICATE
tool,3,reenact,38,tool,35.700016021728516,42,26,ALICATE
tool,3,reenact,38,tool,36.55001640319824,43,26,ALICATE
tool,3,reenact,39,tool,43.350019454956055,51,34,MARTILLO
tool,3,reenact,39,tool,44.20001983642578,52,34,MARTILLO
tool,3,reenact,39,tool,45.05002021789551,53,34,MARTILLO
tool,3,reenact,39,tool,45.900020599365234,54,34,MARTILLO
tool,3,reenact,39,tool,46.75002098083496,55,34,MARTILLO
tool,3,reenact,39,tool,47.60002136230469,56,34,MARTILLO
tool,3,reenact,40,tool,56.10002517700195,66,32,TORNILLO
tool,3,reenact,40,tool,56.95002555847168,67,32,TORNILLO
tool,3,reenact,40,tool,57.800025939941406,68,32,TORNILLO
tool,3,reenact,40,tool,58.65002632141113,69,32,TORNILLO
tool,3,reenact,40,tool,59.50002670288086,70,32,TORNILLO
tool,3,reenact,40,tool,60.350027084350586,71,32,TORNILLO
animal,3,reenact,41,animal,68.00003051757812,80,8,ARDILLA
animal,3,reenact,41,animal,68.85003089904785,81,8,ARDILLA
animal,3,reenact,41,animal,69.70003128051758,82,8,ARDILLA
animal,3,reenact,41,animal,70.5500316619873,83,8,ARDILLA
animal,3,reenact,41,animal,71.40003204345703,84,8,ARDILLA
animal,3,reenact,41,animal,72.25003242492676,85,8,ARDILLA
animal,3,reenact,42,animal,79.05003547668457,93,1,GALLO
animal,3,reenact,42,animal,79.9000358581543,94,1,GALLO
animal,3,reenact,42,animal,80.75003623962402,95,1,GALLO
animal,3,reenact,42,animal,81.60003662109375,96,1,GALLO
animal,3,reenact,42,animal,82.45003700256348,97,1,GALLO
animal,3,reenact,42,animal,83.3000373840332,98,1,GALLO
animal,3,reenact,42,animal,84.15003776550293,99,1,GALLO
tool,3,reenact,43,tool,91.80004119873047,108,20,TIJERA
tool,3,reenact,43,tool,92.6500415802002,109,20,TIJERA
tool,3,reenact,43,tool,93.50004196166992,110,20,TIJERA
tool,3,reenact,43,tool,94.35004234313965,111,20,TIJERA
tool,3,reenact,43,tool,95.20004272460938,112,20,TIJERA
tool,3,reenact,43,tool,96.0500431060791,113,20,TIJERA
tool,3,reenact,44,tool,103.70004653930664,122,31,SOPLETE
tool,3,reenact,44,tool,104.55004692077637,123,31,SOPLETE
tool,3,reenact,44,tool,105.4000473022461,124,31,SOPLETE
tool,3,reenact,44,tool,106.25004768371582,125,31,SOPLETE
tool,3,reenact,44,tool,107.10004806518555,126,31,SOPLETE
tool,3,reenact,44,tool,107.95004844665527,127,31,SOPLETE
tool,3,reenact,45,tool,114.75005149841309,135,27,TUERCA
tool,3,reenact,45,tool,115.60005187988281,136,27,TUERCA
tool,3,reenact,45,tool,116.45005226135254,137,27,TUERCA
tool,3,reenact,45,tool,117.30005264282227,138,27,TUERCA
tool,3,reenact,45,tool,118.15005302429199,139,27,TUERCA
tool,3,reenact,45,tool,119.00005340576172,140,27,TUERCA
tool,3,reenact,45,tool,119.85005378723145,141,27,TUERCA
animal,3,reenact,46,animal,127.50005722045898,150,10,GALLINA
animal,3,reenact,46,animal,128.3500576019287,151,10,GALLINA
animal,3,reenact,46,animal,129.20005798339844,152,10,GALLINA
animal,3,reenact,46,animal,130.05005836486816,153,10,GALLINA
animal,3,reenact,46,animal,130.9000587463379,154,10,GALLINA
animal,3,reenact,46,animal,131.75005912780762,155,10,GALLINA
tool,3,reenact,47,tool,139.40006256103516,164,23,SIERRA
tool,3,reenact,47,tool,140.25006294250488,165,23,SIERRA
tool,3,reenact,47,tool,141.1000633239746,166,23,SIERRA
tool,3,reenact,47,tool,141.95006370544434,167,23,SIERRA
tool,3,reenact,47,tool,142.80006408691406,168,23,SIERRA
tool,3,reenact,47,tool,143.6500644683838,169,23,SIERRA
animal,3,reenact,48,animal,151.30006790161133,178,15,CAMELLO
animal,3,reenact,48,animal,152.15006828308105,179,15,CAMELLO
animal,3,reenact,48,animal,153.00006866455078,180,15,CAMELLO
animal,3,reenact,48,animal,153.8500690460205,181,15,CAMELLO
animal,3,reenact,48,animal,154.70006942749023,182,15,CAMELLO
animal,3,reenact,48,animal,155.55006980895996,183,15,CAMELLO
animal,3,reenact,49,animal,163.2000732421875,192,3,OVEJA
animal,3,reenact,49,animal,164.05007362365723,193,3,OVEJA
animal,3,reenact,49,animal,164.90007400512695,194,3,OVEJA
animal,3,reenact,49,animal,165.75007438659668,195,3,OVEJA
animal,3,reenact,49,animal,166.6000747680664,196,3,OVEJA
animal,3,reenact,49,animal,167.45007514953613,197,3,OVEJA
tool,3,reenact,50,tool,175.10007858276367,206,29,CEPILLO
tool,3,reenact,50,tool,175.9500789642334,207,29,CEPILLO
tool,3,reenact,50,tool,176.80007934570312,208,29,CEPILLO
tool,3,reenact,50,tool,177.65007972717285,209,29,CEPILLO
tool,3,reenact,50,tool,178.50008010864258,210,29,CEPILLO
tool,3,reenact,50,tool,179.3500804901123,211,29,CEPILLO
tool,3,reenact,51,tool,187.00008392333984,220,22,PINZA
tool,3,reenact,51,tool,187.85008430480957,221,22,PINZA
tool,3,reenact,51,tool,188.7000846862793,222,22,PINZA
tool,3,reenact,51,tool,189.55008506774902,223,22,PINZA
tool,3,reenact,51,tool,190.40008544921875,224,22,PINZA
tool,3,reenact,51,tool,191.25008583068848,225,22,PINZA
tool,3,reenact,52,tool,198.0500888824463,233,25,PINCEL
tool,3,reenact,52,tool,198.90008926391602,234,25,PINCEL
tool,3,reenact,52,tool,199.75008964538574,235,25,PINCEL
tool,3,reenact,52,tool,200.60009002685547,236,25,PINCEL
tool,3,reenact,52,tool,201.4500904083252,237,25,PINCEL
tool,3,reenact,52,tool,202.30009078979492,238,25,PINCEL
tool,3,reenact,52,tool,203.15009117126465,239,25,PINCEL
animal,3,reenact,53,animal,210.8000946044922,248,16,ELEFANTE
animal,3,reenact,53,animal,211.6500949859619,249,16,ELEFANTE
animal,3,reenact,53,animal,212.50009536743164,250,16,ELEFANTE
animal,3,reenact,53,animal,213.35009574890137,251,16,ELEFANTE
animal,3,reenact,53,animal,214.2000961303711,252,16,ELEFANTE
animal,3,reenact,53,animal,215.05009651184082,253,16,ELEFANTE
animal,3,reenact,53,animal,215.90009689331055,254,16,ELEFANTE
animal,3,reenact,54,animal,222.70009994506836,262,5,GORILA
animal,3,reenact,54,animal,223.5501003265381,263,5,GORILA
animal,3,reenact,54,animal,224.4001007080078,264,5,GORILA
animal,3,reenact,54,animal,225.25010108947754,265,5,GORILA
animal,3,reenact,54,animal,226.10010147094727,266,5,GORILA
animal,3,reenact,54,animal,226.950101852417,267,5,GORILA
animal,3,reenact,55,animal,235.45010566711426,277,14,PANTERA
animal,3,reenact,55,animal,236.30010604858398,278,14,PANTERA
animal,3,reenact,55,animal,237.1501064300537,279,14,PANTERA
animal,3,reenact,55,animal,238.00010681152344,280,14,PANTERA
animal,3,reenact,55,animal,238.85010719299316,281,14,PANTERA
animal,3,reenact,55,animal,239.7001075744629,282,14,PANTERA
animal,3,reenact,56,animal,249.05011177062988,293,17,CANGURO
animal,3,reenact,56,animal,249.9001121520996,294,17,CANGURO
animal,3,reenact,56,animal,250.75011253356934,295,17,CANGURO
animal,3,reenact,56,animal,251.60011291503906,296,17,CANGURO
animal,3,reenact,56,animal,252.4501132965088,297,17,CANGURO
animal,3,reenact,56,animal,253.30011367797852,298,17,CANGURO
animal,3,reenact,57,animal,260.95011711120605,307,12,BALLENA
animal,3,reenact,57,animal,261.8001174926758,308,12,BALLENA
animal,3,reenact,57,animal,262.6501178741455,309,12,BALLENA
animal,3,reenact,57,animal,263.50011825561523,310,12,BALLENA
animal,3,reenact,57,animal,264.35011863708496,311,12,BALLENA
animal,3,reenact,57,animal,265.2001190185547,312,12,BALLENA
animal,3,reenact,58,animal,272.8501224517822,321,9,CONEJO
animal,3,reenact,58,animal,273.70012283325195,322,9,CONEJO
animal,3,reenact,58,animal,274.5501232147217,323,9,CONEJO
animal,3,reenact,58,animal,275.4001235961914,324,9,CONEJO
animal,3,reenact,58,animal,276.25012397766113,325,9,CONEJO
animal,3,reenact,58,animal,277.10012435913086,326,9,CONEJO
tool,3,reenact,59,tool,284.7501277923584,335,18,LLAVE
tool,3,reenact,59,tool,285.6001281738281,336,18,LLAVE
tool,3,reenact,59,tool,286.45012855529785,337,18,LLAVE
tool,3,reenact,59,tool,287.3001289367676,338,18,LLAVE
tool,3,reenact,59,tool,288.1501293182373,339,18,LLAVE
tool,3,reenact,59,tool,289.00012969970703,340,18,LLAVE
animal,3,reenact,60,animal,297.5001335144043,350,11,CABALLO
animal,3,reenact,60,animal,298.350133895874,351,11,CABALLO
animal,3,reenact,60,animal,299.20013427734375,352,11,CABALLO
animal,3,reenact,60,animal,300.0501346588135,353,11,CABALLO
animal,3,reenact,60,animal,300.9001350402832,354,11,CABALLO
animal,3,reenact,60,animal,301.75013542175293,355,11,CABALLO
animal,3,reenact,61,animal,309.40013885498047,364,6,BURRO
animal,3,reenact,61,animal,310.2501392364502,365,6,BURRO
animal,3,reenact,61,animal,311.1001396179199,366,6,BURRO
animal,3,reenact,61,animal,311.95013999938965,367,6,BURRO
animal,3,reenact,61,animal,312.8001403808594,368,6,BURRO
animal,3,reenact,61,animal,313.6501407623291,369,6,BURRO
tool,3,reenact,62,tool,321.30014419555664,378,33,CUCHARA
tool,3,reenact,62,tool,322.15014457702637,379,33,CUCHARA
tool,3,reenact,62,tool,323.0001449584961,380,33,CUCHARA
tool,3,reenact,62,tool,323.8501453399658,381,33,CUCHARA
tool,3,reenact,62,tool,324.70014572143555,382,33,CUCHARA
tool,3,reenact,62,tool,325.5501461029053,383,33,CUCHARA
animal,3,reenact,63,animal,334.05014991760254,393,0,TIGRE
animal,3,reenact,63,animal,334.90015029907227,394,0,TIGRE
animal,3,reenact,63,animal,335.750150680542,395,0,TIGRE
animal,3,reenact,63,animal,336.6001510620117,396,0,TIGRE
animal,3,reenact,63,animal,337.45015144348145,397,0,TIGRE
animal,3,reenact,63,animal,338.3001518249512,398,0,TIGRE
tool,3,reenact,64,tool,346.80015563964844,408,21,AGUJA
tool,3,reenact,64,tool,347.65015602111816,409,21,AGUJA
tool,3,reenact,64,tool,348.5001564025879,410,21,AGUJA
tool,3,reenact,64,tool,349.3501567840576,411,21,AGUJA
tool,3,reenact,64,tool,350.20015716552734,412,21,AGUJA
tool,3,reenact,64,tool,351.05015754699707,413,21,AGUJA
animal,3,reenact,65,animal,359.55016136169434,423,2,PERRO
animal,3,reenact,65,animal,360.40016174316406,424,2,PERRO
animal,3,reenact,65,animal,361.2501621246338,425,2,PERRO
animal,3,reenact,65,animal,362.1001625061035,426,2,PERRO
animal,3,reenact,65,animal,362.95016288757324,427,2,PERRO
animal,3,reenact,65,animal,363.80016326904297,428,2,PERRO
animal,3,reenact,66,animal,370.6001663208008,436,4,CERDO
animal,3,reenact,66,animal,371.4501667022705,437,4,CERDO
animal,3,reenact,66,animal,372.30016708374023,438,4,CERDO
animal,3,reenact,66,animal,373.15016746520996,439,4,CERDO
animal,3,reenact,66,animal,374.0001678466797,440,4,CERDO
animal,3,reenact,66,animal,374.8501682281494,441,4,CERDO
tool,3,reenact,67,tool,382.50017166137695,450,35,CUCHILLO
tool,3,reenact,67,tool,383.3501720428467,451,35,CUCHILLO
tool,3,reenact,67,tool,384.2001724243164,452,35,CUCHILLO
tool,3,reenact,67,tool,385.05017280578613,453,35,CUCHILLO
tool,3,reenact,67,tool,385.90017318725586,454,35,CUCHILLO
tool,3,reenact,67,tool,386.7501735687256,455,35,CUCHILLO
animal,3,reenact,68,animal,394.4001770019531,464,7,YEGUA
animal,3,reenact,68,animal,395.25017738342285,465,7,YEGUA
animal,3,reenact,68,animal,396.1001777648926,466,7,YEGUA
animal,3,reenact,68,animal,396.9501781463623,467,7,YEGUA
animal,3,reenact,68,animal,397.80017852783203,468,7,YEGUA
animal,3,reenact,68,animal,398.65017890930176,469,7,YEGUA
tool,3,reenact,69,tool,406.3001823425293,478,19,LAPIZ
tool,3,reenact,69,tool,407.150182723999,479,19,LAPIZ
tool,3,reenact,69,tool,408.00018310546875,480,19,LAPIZ
tool,3,reenact,69,tool,408.8501834869385,481,19,LAPIZ
tool,3,reenact,69,tool,409.7001838684082,482,19,LAPIZ
tool,3,reenact,69,tool,410.55018424987793,483,19,LAPIZ
tool,3,reenact,70,tool,418.20018768310547,492,28,NAVAJA
tool,3,reenact,70,tool,419.0501880645752,493,28,NAVAJA
tool,3,reenact,70,tool,419.9001884460449,494,28,NAVAJA
tool,3,reenact,70,tool,420.75018882751465,495,28,NAVAJA
tool,3,reenact,70,tool,421.6001892089844,496,28,NAVAJA
tool,3,reenact,70,tool,422.4501895904541,497,28,NAVAJA
animal,3,reenact,71,animal,430.10019302368164,506,13,TORTUGA
animal,3,reenact,71,animal,430.95019340515137,507,13,TORTUGA
animal,3,reenact,71,animal,431.8001937866211,508,13,TORTUGA
animal,3,reenact,71,animal,432.6501941680908,509,13,TORTUGA
animal,3,reenact,71,animal,433.50019454956055,510,13,TORTUGA
animal,3,reenact,71,animal,434.3501949310303,511,13,TORTUGA
tool,4,read,216,tool,6.8000030517578125,8,25,PINCEL
tool,4,read,216,tool,7.650003433227539,9,25,PINCEL
tool,4,read,216,tool,8.500003814697266,10,25,PINCEL
tool,4,read,216,tool,9.350004196166992,11,25,PINCEL
tool,4,read,216,tool,10.200004577636719,12,25,PINCEL
tool,4,read,216,tool,11.050004959106445,13,25,PINCEL
animal,4,read,217,animal,19.55000877380371,23,16,ELEFANTE
animal,4,read,217,animal,20.400009155273438,24,16,ELEFANTE
animal,4,read,217,animal,21.250009536743164,25,16,ELEFANTE
animal,4,read,217,animal,22.10000991821289,26,16,ELEFANTE
animal,4,read,217,animal,22.950010299682617,27,16,ELEFANTE
animal,4,read,217,animal,23.800010681152344,28,16,ELEFANTE
animal,4,read,218,animal,30.600013732910156,36,1,GALLO
animal,4,read,218,animal,31.450014114379883,37,1,GALLO
animal,4,read,218,animal,32.30001449584961,38,1,GALLO
animal,4,read,218,animal,33.150014877319336,39,1,GALLO
animal,4,read,218,animal,34.00001525878906,40,1,GALLO
animal,4,read,218,animal,34.85001564025879,41,1,GALLO
animal,4,read,218,animal,35.700016021728516,42,1,GALLO
tool,4,read,219,tool,42.50001907348633,50,28,NAVAJA
tool,4,read,219,tool,43.350019454956055,51,28,NAVAJA
tool,4,read,219,tool,44.20001983642578,52,28,NAVAJA
tool,4,read,219,tool,45.05002021789551,53,28,NAVAJA
tool,4,read,219,tool,45.900020599365234,54,28,NAVAJA
tool,4,read,219,tool,46.75002098083496,55,28,NAVAJA
animal,4,read,220,animal,54.4000244140625,64,14,PANTERA
animal,4,read,220,animal,55.25002479553223,65,14,PANTERA
animal,4,read,220,animal,56.10002517700195,66,14,PANTERA
animal,4,read,220,animal,56.95002555847168,67,14,PANTERA
animal,4,read,220,animal,57.800025939941406,68,14,PANTERA
animal,4,read,220,animal,58.65002632141113,69,14,PANTERA
animal,4,read,221,animal,66.30002975463867,78,7,YEGUA
animal,4,read,221,animal,67.1500301361084,79,7,YEGUA
animal,4,read,221,animal,68.00003051757812,80,7,YEGUA
animal,4,read,221,animal,68.85003089904785,81,7,YEGUA
animal,4,read,221,animal,69.70003128051758,82,7,YEGUA
animal,4,read,221,animal,70.5500316619873,83,7,YEGUA
animal,4,read,222,animal,78.20003509521484,92,12,BALLENA
animal,4,read,222,animal,79.05003547668457,93,12,BALLENA
animal,4,read,222,animal,79.9000358581543,94,12,BALLENA
animal,4,read,222,animal,80.75003623962402,95,12,BALLENA
animal,4,read,222,animal,81.60003662109375,96,12,BALLENA
animal,4,read,222,animal,82.45003700256348,97,12,BALLENA
animal,4,read,223,animal,90.95004081726074,107,11,CABALLO
animal,4,read,223,animal,91.80004119873047,108,11,CABALLO
animal,4,read,223,animal,92.6500415802002,109,11,CABALLO
animal,4,read,223,animal,93.50004196166992,110,11,CABALLO
animal,4,read,223,animal,94.35004234313965,111,11,CABALLO
animal,4,read,223,animal,95.20004272460938,112,11,CABALLO
animal,4,read,224,animal,103.70004653930664,122,0,TIGRE
animal,4,read,224,animal,104.55004692077637,123,0,TIGRE
animal,4,read,224,animal,105.4000473022461,124,0,TIGRE
animal,4,read,224,animal,106.25004768371582,125,0,TIGRE
animal,4,read,224,animal,107.10004806518555,126,0,TIGRE
animal,4,read,224,animal,107.95004844665527,127,0,TIGRE
tool,4,read,225,tool,115.60005187988281,136,34,MARTILLO
tool,4,read,225,tool,116.45005226135254,137,34,MARTILLO
tool,4,read,225,tool,117.30005264282227,138,34,MARTILLO
tool,4,read,225,tool,118.15005302429199,139,34,MARTILLO
tool,4,read,225,tool,119.00005340576172,140,34,MARTILLO
tool,4,read,225,tool,119.85005378723145,141,34,MARTILLO
tool,4,read,226,tool,126.65005683898926,149,32,TORNILLO
tool,4,read,226,tool,127.50005722045898,150,32,TORNILLO
tool,4,read,226,tool,128.3500576019287,151,32,TORNILLO
tool,4,read,226,tool,129.20005798339844,152,32,TORNILLO
tool,4,read,226,tool,130.05005836486816,153,32,TORNILLO
tool,4,read,226,tool,130.9000587463379,154,32,TORNILLO
animal,4,read,227,animal,139.40006256103516,164,9,CONEJO
animal,4,read,227,animal,140.25006294250488,165,9,CONEJO
animal,4,read,227,animal,141.1000633239746,166,9,CONEJO
animal,4,read,227,animal,141.95006370544434,167,9,CONEJO
animal,4,read,227,animal,142.80006408691406,168,9,CONEJO
animal,4,read,227,animal,143.6500644683838,169,9,CONEJO
tool,4,read,228,tool,151.30006790161133,178,22,PINZA
tool,4,read,228,tool,152.15006828308105,179,22,PINZA
tool,4,read,228,tool,153.00006866455078,180,22,PINZA
tool,4,read,228,tool,153.8500690460205,181,22,PINZA
tool,4,read,228,tool,154.70006942749023,182,22,PINZA
tool,4,read,228,tool,155.55006980895996,183,22,PINZA
animal,4,read,229,animal,163.2000732421875,192,17,CANGURO
animal,4,read,229,animal,164.05007362365723,193,17,CANGURO
animal,4,read,229,animal,164.90007400512695,194,17,CANGURO
animal,4,read,229,animal,165.75007438659668,195,17,CANGURO
animal,4,read,229,animal,166.6000747680664,196,17,CANGURO
animal,4,read,229,animal,167.45007514953613,197,17,CANGURO
tool,4,read,230,tool,175.10007858276367,206,26,ALICATE
tool,4,read,230,tool,175.9500789642334,207,26,ALICATE
tool,4,read,230,tool,176.80007934570312,208,26,ALICATE
tool,4,read,230,tool,177.65007972717285,209,26,ALICATE
tool,4,read,230,tool,178.50008010864258,210,26,ALICATE
tool,4,read,230,tool,179.3500804901123,211,26,ALICATE
tool,4,read,230,tool,180.20008087158203,212,26,ALICATE
tool,4,read,231,tool,187.85008430480957,221,20,TIJERA
tool,4,read,231,tool,188.7000846862793,222,20,TIJERA
tool,4,read,231,tool,189.55008506774902,223,20,TIJERA
tool,4,read,231,tool,190.40008544921875,224,20,TIJERA
tool,4,read,231,tool,191.25008583068848,225,20,TIJERA
tool,4,read,231,tool,192.1000862121582,226,20,TIJERA
tool,4,read,232,tool,199.75008964538574,235,29,CEPILLO
tool,4,read,232,tool,200.60009002685547,236,29,CEPILLO
tool,4,read,232,tool,201.4500904083252,237,29,CEPILLO
tool,4,read,232,tool,202.30009078979492,238,29,CEPILLO
tool,4,read,232,tool,203.15009117126465,239,29,CEPILLO
tool,4,read,232,tool,204.00009155273438,240,29,CEPILLO
tool,4,read,233,tool,210.8000946044922,248,31,SOPLETE
tool,4,read,233,tool,211.6500949859619,249,31,SOPLETE
tool,4,read,233,tool,212.50009536743164,250,31,SOPLETE
tool,4,read,233,tool,213.35009574890137,251,31,SOPLETE
tool,4,read,233,tool,214.2000961303711,252,31,SOPLETE
tool,4,read,233,tool,215.05009651184082,253,31,SOPLETE
tool,4,read,233,tool,215.90009689331055,254,31,SOPLETE
animal,4,read,234,animal,222.70009994506836,262,8,ARDILLA
animal,4,read,234,animal,223.5501003265381,263,8,ARDILLA
animal,4,read,234,animal,224.4001007080078,264,8,ARDILLA
animal,4,read,234,animal,225.25010108947754,265,8,ARDILLA
animal,4,read,234,animal,226.10010147094727,266,8,ARDILLA
animal,4,read,234,animal,226.950101852417,267,8,ARDILLA
tool,4,read,235,tool,235.45010566711426,277,35,CUCHILLO
tool,4,read,235,tool,236.30010604858398,278,35,CUCHILLO
tool,4,read,235,tool,237.1501064300537,279,35,CUCHILLO
tool,4,read,235,tool,238.00010681152344,280,35,CUCHILLO
tool,4,read,235,tool,238.85010719299316,281,35,CUCHILLO
tool,4,read,235,tool,239.7001075744629,282,35,CUCHILLO
tool,4,read,236,tool,248.20011138916016,292,27,TUERCA
tool,4,read,236,tool,249.05011177062988,293,27,TUERCA
tool,4,read,236,tool,249.9001121520996,294,27,TUERCA
tool,4,read,236,tool,250.75011253356934,295,27,TUERCA
tool,4,read,236,tool,251.60011291503906,296,27,TUERCA
tool,4,read,236,tool,252.4501132965088,297,27,TUERCA
animal,4,read,237,animal,260.1001167297363,306,15,CAMELLO
animal,4,read,237,animal,260.95011711120605,307,15,CAMELLO
animal,4,read,237,animal,261.8001174926758,308,15,CAMELLO
animal,4,read,237,animal,262.6501178741455,309,15,CAMELLO
animal,4,read,237,animal,263.50011825561523,310,15,CAMELLO
animal,4,read,237,animal,264.35011863708496,311,15,CAMELLO
animal,4,read,238,animal,272.0001220703125,320,13,TORTUGA
animal,4,read,238,animal,272.8501224517822,321,13,TORTUGA
animal,4,read,238,animal,273.70012283325195,322,13,TORTUGA
animal,4,read,238,animal,274.5501232147217,323,13,TORTUGA
animal,4,read,238,animal,275.4001235961914,324,13,TORTUGA
animal,4,read,238,animal,276.25012397766113,325,13,TORTUGA
animal,4,read,239,animal,283.9001274108887,334,3,OVEJA
animal,4,read,239,animal,284.7501277923584,335,3,OVEJA
animal,4,read,239,animal,285.6001281738281,336,3,OVEJA
animal,4,read,239,animal,286.45012855529785,337,3,OVEJA
animal,4,read,239,animal,287.3001289367676,338,3,OVEJA
animal,4,read,239,animal,288.1501293182373,339,3,OVEJA
animal,4,read,240,animal,295.80013275146484,348,10,GALLINA
animal,4,read,240,animal,296.65013313293457,349,10,GALLINA
animal,4,read,240,animal,297.5001335144043,350,10,GALLINA
animal,4,read,240,animal,298.350133895874,351,10,GALLINA
animal,4,read,240,animal,299.20013427734375,352,10,GALLINA
animal,4,read,240,animal,300.0501346588135,353,10,GALLINA
animal,4,read,241,animal,308.55013847351074,363,2,PERRO
animal,4,read,241,animal,309.40013885498047,364,2,PERRO
animal,4,read,241,animal,310.2501392364502,365,2,PERRO
animal,4,read,241,animal,311.1001396179199,366,2,PERRO
animal,4,read,241,animal,311.95013999938965,367,2,PERRO
animal,4,read,241,animal,312.8001403808594,368,2,PERRO
tool,4,read,242,tool,321.30014419555664,378,18,LLAVE
tool,4,read,242,tool,322.15014457702637,379,18,LLAVE
tool,4,read,242,tool,323.0001449584961,380,18,LLAVE
tool,4,read,242,tool,323.8501453399658,381,18,LLAVE
tool,4,read,242,tool,324.70014572143555,382,18,LLAVE
tool,4,read,242,tool,325.5501461029053,383,18,LLAVE
animal,4,read,243,animal,333.2001495361328,392,5,GORILA
animal,4,read,243,animal,334.05014991760254,393,5,GORILA
animal,4,read,243,animal,334.90015029907227,394,5,GORILA
animal,4,read,243,animal,335.750150680542,395,5,GORILA
animal,4,read,243,animal,336.6001510620117,396,5,GORILA
animal,4,read,243,animal,337.45015144348145,397,5,GORILA
animal,4,read,244,animal,345.100154876709,406,6,BURRO
animal,4,read,244,animal,345.9501552581787,407,6,BURRO
animal,4,read,244,animal,346.80015563964844,408,6,BURRO
animal,4,read,244,animal,347.65015602111816,409,6,BURRO
animal,4,read,244,animal,348.5001564025879,410,6,BURRO
animal,4,read,244,animal,349.3501567840576,411,6,BURRO
animal,4,read,244,animal,350.20015716552734,412,6,BURRO
tool,4,read,245,tool,358.7001609802246,422,24,CLAVO
tool,4,read,245,tool,359.55016136169434,423,24,CLAVO
tool,4,read,245,tool,360.40016174316406,424,24,CLAVO
tool,4,read,245,tool,361.2501621246338,425,24,CLAVO
tool,4,read,245,tool,362.1001625061035,426,24,CLAVO
tool,4,read,245,tool,362.95016288757324,427,24,CLAVO
tool,4,read,246,tool,370.6001663208008,436,19,LAPIZ
tool,4,read,246,tool,371.4501667022705,437,19,LAPIZ
tool,4,read,246,tool,372.30016708374023,438,19,LAPIZ
tool,4,read,246,tool,373.15016746520996,439,19,LAPIZ
tool,4,read,246,tool,374.0001678466797,440,19,LAPIZ
tool,4,read,246,tool,374.8501682281494,441,19,LAPIZ
tool,4,read,247,tool,382.50017166137695,450,30,TALADRO
tool,4,read,247,tool,383.3501720428467,451,30,TALADRO
tool,4,read,247,tool,384.2001724243164,452,30,TALADRO
tool,4,read,247,tool,385.05017280578613,453,30,TALADRO
tool,4,read,247,tool,385.90017318725586,454,30,TALADRO
tool,4,read,247,tool,386.7501735687256,455,30,TALADRO
tool,4,read,248,tool,393.5501766204834,463,21,AGUJA
tool,4,read,248,tool,394.4001770019531,464,21,AGUJA
tool,4,read,248,tool,395.25017738342285,465,21,AGUJA
tool,4,read,248,tool,396.1001777648926,466,21,AGUJA
tool,4,read,248,tool,396.9501781463623,467,21,AGUJA
tool,4,read,248,tool,397.80017852783203,468,21,AGUJA
tool,4,read,248,tool,398.65017890930176,469,21,AGUJA
tool,4,read,249,tool,405.45018196105957,477,33,CUCHARA
tool,4,read,249,tool,406.3001823425293,478,33,CUCHARA
tool,4,read,249,tool,407.150182723999,479,33,CUCHARA
tool,4,read,249,tool,408.00018310546875,480,33,CUCHARA
tool,4,read,249,tool,408.8501834869385,481,33,CUCHARA
tool,4,read,249,tool,409.7001838684082,482,33,CUCHARA
animal,4,read,250,animal,419.0501880645752,493,4,CERDO
animal,4,read,250,animal,419.9001884460449,494,4,CERDO
animal,4,read,250,animal,420.75018882751465,495,4,CERDO
animal,4,read,250,animal,421.6001892089844,496,4,CERDO
animal,4,read,250,animal,422.4501895904541,497,4,CERDO
animal,4,read,250,animal,423.3001899719238,498,4,CERDO
tool,4,read,251,tool,430.95019340515137,507,23,SIERRA
tool,4,read,251,tool,431.8001937866211,508,23,SIERRA
tool,4,read,251,tool,432.6501941680908,509,23,SIERRA
tool,4,read,251,tool,433.50019454956055,510,23,SIERRA
tool,4,read,251,tool,434.3501949310303,511,23,SIERRA
tool,4,read,251,tool,435.2001953125,512,23,SIERRA
tool,5,reenact,72,tool,6.8000030517578125,8,28,NAVAJA
tool,5,reenact,72,tool,7.650003433227539,9,28,NAVAJA
tool,5,reenact,72,tool,8.500003814697266,10,28,NAVAJA
tool,5,reenact,72,tool,9.350004196166992,11,28,NAVAJA
tool,5,reenact,72,tool,10.200004577636719,12,28,NAVAJA
tool,5,reenact,72,tool,11.050004959106445,13,28,NAVAJA
tool,5,reenact,73,tool,18.700008392333984,22,21,AGUJA
tool,5,reenact,73,tool,19.55000877380371,23,21,AGUJA
tool,5,reenact,73,tool,20.400009155273438,24,21,AGUJA
tool,5,reenact,73,tool,21.250009536743164,25,21,AGUJA
tool,5,reenact,73,tool,22.10000991821289,26,21,AGUJA
tool,5,reenact,73,tool,22.950010299682617,27,21,AGUJA
tool,5,reenact,74,tool,30.600013732910156,36,30,TALADRO
tool,5,reenact,74,tool,31.450014114379883,37,30,TALADRO
tool,5,reenact,74,tool,32.30001449584961,38,30,TALADRO
tool,5,reenact,74,tool,33.150014877319336,39,30,TALADRO
tool,5,reenact,74,tool,34.00001525878906,40,30,TALADRO
tool,5,reenact,74,tool,34.85001564025879,41,30,TALADRO
tool,5,reenact,75,tool,42.50001907348633,50,33,CUCHARA
tool,5,reenact,75,tool,43.350019454956055,51,33,CUCHARA
tool,5,reenact,75,tool,44.20001983642578,52,33,CUCHARA
tool,5,reenact,75,tool,45.05002021789551,53,33,CUCHARA
tool,5,reenact,75,tool,45.900020599365234,54,33,CUCHARA
tool,5,reenact,75,tool,46.75002098083496,55,33,CUCHARA
tool,5,reenact,76,tool,54.4000244140625,64,29,CEPILLO
tool,5,reenact,76,tool,55.25002479553223,65,29,CEPILLO
tool,5,reenact,76,tool,56.10002517700195,66,29,CEPILLO
tool,5,reenact,76,tool,56.95002555847168,67,29,CEPILLO
tool,5,reenact,76,tool,57.800025939941406,68,29,CEPILLO
tool,5,reenact,76,tool,58.65002632141113,69,29,CEPILLO
tool,5,reenact,77,tool,66.30002975463867,78,34,MARTILLO
tool,5,reenact,77,tool,67.1500301361084,79,34,MARTILLO
tool,5,reenact,77,tool,68.00003051757812,80,34,MARTILLO
tool,5,reenact,77,tool,68.85003089904785,81,34,MARTILLO
tool,5,reenact,77,tool,69.70003128051758,82,34,MARTILLO
tool,5,reenact,77,tool,70.5500316619873,83,34,MARTILLO
animal,5,reenact,78,animal,78.20003509521484,92,5,GORILA
animal,5,reenact,78,animal,79.05003547668457,93,5,GORILA
animal,5,reenact,78,animal,79.9000358581543,94,5,GORILA
animal,5,reenact,78,animal,80.75003623962402,95,5,GORILA
animal,5,reenact,78,animal,81.60003662109375,96,5,GORILA
animal,5,reenact,78,animal,82.45003700256348,97,5,GORILA
tool,5,reenact,79,tool,90.10004043579102,106,25,PINCEL
tool,5,reenact,79,tool,90.95004081726074,107,25,PINCEL
tool,5,reenact,79,tool,91.80004119873047,108,25,PINCEL
tool,5,reenact,79,tool,92.6500415802002,109,25,PINCEL
tool,5,reenact,79,tool,93.50004196166992,110,25,PINCEL
tool,5,reenact,79,tool,94.35004234313965,111,25,PINCEL
animal,5,reenact,80,animal,102.85004615783691,121,16,ELEFANTE
animal,5,reenact,80,animal,103.70004653930664,122,16,ELEFANTE
animal,5,reenact,80,animal,104.55004692077637,123,16,ELEFANTE
animal,5,reenact,80,animal,105.4000473022461,124,16,ELEFANTE
animal,5,reenact,80,animal,106.25004768371582,125,16,ELEFANTE
animal,5,reenact,80,animal,107.10004806518555,126,16,ELEFANTE
animal,5,reenact,81,animal,113.90005111694336,134,14,PANTERA
animal,5,reenact,81,animal,114.75005149841309,135,14,PANTERA
animal,5,reenact,81,animal,115.60005187988281,136,14,PANTERA
animal,5,reenact,81,animal,116.45005226135254,137,14,PANTERA
animal,5,reenact,81,animal,117.30005264282227,138,14,PANTERA
animal,5,reenact,81,animal,118.15005302429199,139,14,PANTERA
tool,5,reenact,82,tool,127.50005722045898,150,24,CLAVO
tool,5,reenact,82,tool,128.3500576019287,151,24,CLAVO
tool,5,reenact,82,tool,129.20005798339844,152,24,CLAVO
tool,5,reenact,82,tool,130.05005836486816,153,24,CLAVO
tool,5,reenact,82,tool,130.9000587463379,154,24,CLAVO
tool,5,reenact,82,tool,131.75005912780762,155,24,CLAVO
animal,5,reenact,83,animal,139.40006256103516,164,3,OVEJA
animal,5,reenact,83,animal,140.25006294250488,165,3,OVEJA
animal,5,reenact,83,animal,141.1000633239746,166,3,OVEJA
animal,5,reenact,83,animal,141.95006370544434,167,3,OVEJA
animal,5,reenact,83,animal,142.80006408691406,168,3,OVEJA
animal,5,reenact,83,animal,143.6500644683838,169,3,OVEJA
animal,5,reenact,84,animal,151.30006790161133,178,17,CANGURO
animal,5,reenact,84,animal,152.15006828308105,179,17,CANGURO
animal,5,reenact,84,animal,153.00006866455078,180,17,CANGURO
animal,5,reenact,84,animal,153.8500690460205,181,17,CANGURO
animal,5,reenact,84,animal,154.70006942749023,182,17,CANGURO
animal,5,reenact,84,animal,155.55006980895996,183,17,CANGURO
animal,5,reenact,85,animal,163.2000732421875,192,6,BURRO
animal,5,reenact,85,animal,164.05007362365723,193,6,BURRO
animal,5,reenact,85,animal,164.90007400512695,194,6,BURRO
animal,5,reenact,85,animal,165.75007438659668,195,6,BURRO
animal,5,reenact,85,animal,166.6000747680664,196,6,BURRO
animal,5,reenact,85,animal,167.45007514953613,197,6,BURRO
tool,5,reenact,86,tool,175.10007858276367,206,35,CUCHILLO
tool,5,reenact,86,tool,175.9500789642334,207,35,CUCHILLO
tool,5,reenact,86,tool,176.80007934570312,208,35,CUCHILLO
tool,5,reenact,86,tool,177.65007972717285,209,35,CUCHILLO
tool,5,reenact,86,tool,178.50008010864258,210,35,CUCHILLO
tool,5,reenact,86,tool,179.3500804901123,211,35,CUCHILLO
tool,5,reenact,87,tool,187.00008392333984,220,27,TUERCA
tool,5,reenact,87,tool,187.85008430480957,221,27,TUERCA
tool,5,reenact,87,tool,188.7000846862793,222,27,TUERCA
tool,5,reenact,87,tool,189.55008506774902,223,27,TUERCA
tool,5,reenact,87,tool,190.40008544921875,224,27,TUERCA
tool,5,reenact,87,tool,191.25008583068848,225,27,TUERCA
animal,5,reenact,88,animal,198.0500888824463,233,7,YEGUA
animal,5,reenact,88,animal,198.90008926391602,234,7,YEGUA
animal,5,reenact,88,animal,199.75008964538574,235,7,YEGUA
animal,5,reenact,88,animal,200.60009002685547,236,7,YEGUA
animal,5,reenact,88,animal,201.4500904083252,237,7,YEGUA
animal,5,reenact,88,animal,202.30009078979492,238,7,YEGUA
animal,5,reenact,88,animal,203.15009117126465,239,7,YEGUA
tool,5,reenact,89,tool,209.95009422302246,247,31,SOPLETE
tool,5,reenact,89,tool,210.8000946044922,248,31,SOPLETE
tool,5,reenact,89,tool,211.6500949859619,249,31,SOPLETE
tool,5,reenact,89,tool,212.50009536743164,250,31,SOPLETE
tool,5,reenact,89,tool,213.35009574890137,251,31,SOPLETE
tool,5,reenact,89,tool,214.2000961303711,252,31,SOPLETE
tool,5,reenact,90,tool,221.85009956359863,261,26,ALICATE
tool,5,reenact,90,tool,222.70009994506836,262,26,ALICATE
tool,5,reenact,90,tool,223.5501003265381,263,26,ALICATE
tool,5,reenact,90,tool,224.4001007080078,264,26,ALICATE
tool,5,reenact,90,tool,225.25010108947754,265,26,ALICATE
tool,5,reenact,90,tool,226.10010147094727,266,26,ALICATE
animal,5,reenact,91,animal,233.7501049041748,275,11,CABALLO
animal,5,reenact,91,animal,234.60010528564453,276,11,CABALLO
animal,5,reenact,91,animal,235.45010566711426,277,11,CABALLO
animal,5,reenact,91,animal,236.30010604858398,278,11,CABALLO
animal,5,reenact,91,animal,237.1501064300537,279,11,CABALLO
animal,5,reenact,91,animal,238.00010681152344,280,11,CABALLO
animal,5,reenact,92,animal,247.35011100769043,291,10,GALLINA
animal,5,reenact,92,animal,248.20011138916016,292,10,GALLINA
animal,5,reenact,92,animal,249.05011177062988,293,10,GALLINA
animal,5,reenact,92,animal,249.9001121520996,294,10,GALLINA
animal,5,reenact,92,animal,250.75011253356934,295,10,GALLINA
animal,5,reenact,92,animal,251.60011291503906,296,10,GALLINA
tool,5,reenact,93,tool,260.1001167297363,306,22,PINZA
tool,5,reenact,93,tool,260.95011711120605,307,22,PINZA
tool,5,reenact,93,tool,261.8001174926758,308,22,PINZA
tool,5,reenact,93,tool,262.6501178741455,309,22,PINZA
tool,5,reenact,93,tool,263.50011825561523,310,22,PINZA
tool,5,reenact,93,tool,264.35011863708496,311,22,PINZA
animal,5,reenact,94,animal,272.8501224517822,321,8,ARDILLA
animal,5,reenact,94,animal,273.70012283325195,322,8,ARDILLA
animal,5,reenact,94,animal,274.5501232147217,323,8,ARDILLA
animal,5,reenact,94,animal,275.4001235961914,324,8,ARDILLA
animal,5,reenact,94,animal,276.25012397766113,325,8,ARDILLA
animal,5,reenact,94,animal,277.10012435913086,326,8,ARDILLA
animal,5,reenact,95,animal,285.6001281738281,336,9,CONEJO
animal,5,reenact,95,animal,286.45012855529785,337,9,CONEJO
animal,5,reenact,95,animal,287.3001289367676,338,9,CONEJO
animal,5,reenact,95,animal,288.1501293182373,339,9,CONEJO
animal,5,reenact,95,animal,289.00012969970703,340,9,CONEJO
animal,5,reenact,95,animal,289.85013008117676,341,9,CONEJO
animal,5,reenact,96,animal,296.65013313293457,349,13,TORTUGA
animal,5,reenact,96,animal,297.5001335144043,350,13,TORTUGA
animal,5,reenact,96,animal,298.350133895874,351,13,TORTUGA
animal,5,reenact,96,animal,299.20013427734375,352,13,TORTUGA
animal,5,reenact,96,animal,300.0501346588135,353,13,TORTUGA
animal,5,reenact,96,animal,300.9001350402832,354,13,TORTUGA
tool,5,reenact,97,tool,308.55013847351074,363,20,TIJERA
tool,5,reenact,97,tool,309.40013885498047,364,20,TIJERA
tool,5,reenact,97,tool,310.2501392364502,365,20,TIJERA
tool,5,reenact,97,tool,311.1001396179199,366,20,TIJERA
tool,5,reenact,97,tool,311.95013999938965,367,20,TIJERA
tool,5,reenact,97,tool,312.8001403808594,368,20,TIJERA
animal,5,reenact,98,animal,320.4501438140869,377,15,CAMELLO
animal,5,reenact,98,animal,321.30014419555664,378,15,CAMELLO
animal,5,reenact,98,animal,322.15014457702637,379,15,CAMELLO
animal,5,reenact,98,animal,323.0001449584961,380,15,CAMELLO
animal,5,reenact,98,animal,323.8501453399658,381,15,CAMELLO
animal,5,reenact,98,animal,324.70014572143555,382,15,CAMELLO
tool,5,reenact,99,tool,332.3501491546631,391,32,TORNILLO
tool,5,reenact,99,tool,333.2001495361328,392,32,TORNILLO
tool,5,reenact,99,tool,334.05014991760254,393,32,TORNILLO
tool,5,reenact,99,tool,334.90015029907227,394,32,TORNILLO
tool,5,reenact,99,tool,335.750150680542,395,32,TORNILLO
tool,5,reenact,99,tool,336.6001510620117,396,32,TORNILLO
animal,5,reenact,100,animal,344.25015449523926,405,1,GALLO
animal,5,reenact,100,animal,345.100154876709,406,1,GALLO
animal,5,reenact,100,animal,345.9501552581787,407,1,GALLO
animal,5,reenact,100,animal,346.80015563964844,408,1,GALLO
animal,5,reenact,100,animal,347.65015602111816,409,1,GALLO
animal,5,reenact,100,animal,348.5001564025879,410,1,GALLO
tool,5,reenact,101,tool,356.15015983581543,419,18,LLAVE
tool,5,reenact,101,tool,357.00016021728516,420,18,LLAVE
tool,5,reenact,101,tool,357.8501605987549,421,18,LLAVE
tool,5,reenact,101,tool,358.7001609802246,422,18,LLAVE
tool,5,reenact,101,tool,359.55016136169434,423,18,LLAVE
tool,5,reenact,101,tool,360.40016174316406,424,18,LLAVE
animal,5,reenact,102,animal,368.0501651763916,433,12,BALLENA
animal,5,reenact,102,animal,368.9001655578613,434,12,BALLENA
animal,5,reenact,102,animal,369.75016593933105,435,12,BALLENA
animal,5,reenact,102,animal,370.6001663208008,436,12,BALLENA
animal,5,reenact,102,animal,371.4501667022705,437,12,BALLENA
animal,5,reenact,102,animal,372.30016708374023,438,12,BALLENA
animal,5,reenact,103,animal,380.8001708984375,448,4,CERDO
animal,5,reenact,103,animal,381.6501712799072,449,4,CERDO
animal,5,reenact,103,animal,382.50017166137695,450,4,CERDO
animal,5,reenact,103,animal,383.3501720428467,451,4,CERDO
animal,5,reenact,103,animal,384.2001724243164,452,4,CERDO
animal,5,reenact,103,animal,385.05017280578613,453,4,CERDO
animal,5,reenact,104,animal,392.7001762390137,462,2,PERRO
animal,5,reenact,104,animal,393.5501766204834,463,2,PERRO
animal,5,reenact,104,animal,394.4001770019531,464,2,PERRO
animal,5,reenact,104,animal,395.25017738342285,465,2,PERRO
animal,5,reenact,104,animal,396.1001777648926,466,2,PERRO
animal,5,reenact,104,animal,396.9501781463623,467,2,PERRO
tool,5,reenact,105,tool,405.45018196105957,477,19,LAPIZ
tool,5,reenact,105,tool,406.3001823425293,478,19,LAPIZ
tool,5,reenact,105,tool,407.150182723999,479,19,LAPIZ
tool,5,reenact,105,tool,408.00018310546875,480,19,LAPIZ
tool,5,reenact,105,tool,408.8501834869385,481,19,LAPIZ
tool,5,reenact,105,tool,409.7001838684082,482,19,LAPIZ
animal,5,reenact,106,animal,417.35018730163574,491,0,TIGRE
animal,5,reenact,106,animal,418.20018768310547,492,0,TIGRE
animal,5,reenact,106,animal,419.0501880645752,493,0,TIGRE
animal,5,reenact,106,animal,419.9001884460449,494,0,TIGRE
animal,5,reenact,106,animal,420.75018882751465,495,0,TIGRE
animal,5,reenact,106,animal,421.6001892089844,496,0,TIGRE
tool,5,reenact,107,tool,430.95019340515137,507,23,SIERRA
tool,5,reenact,107,tool,431.8001937866211,508,23,SIERRA
tool,5,reenact,107,tool,432.6501941680908,509,23,SIERRA
tool,5,reenact,107,tool,433.50019454956055,510,23,SIERRA
tool,5,reenact,107,tool,434.3501949310303,511,23,SIERRA
tool,5,reenact,107,tool,435.2001953125,512,23,SIERRA
animal,6,read,252,animal,6.8000030517578125,8,5,GORILA
animal,6,read,252,animal,7.650003433227539,9,5,GORILA
animal,6,read,252,animal,8.500003814697266,10,5,GORILA
animal,6,read,252,animal,9.350004196166992,11,5,GORILA
animal,6,read,252,animal,10.200004577636719,12,5,GORILA
animal,6,read,252,animal,11.050004959106445,13,5,GORILA
animal,6,read,253,animal,18.700008392333984,22,9,CONEJO
animal,6,read,253,animal,19.55000877380371,23,9,CONEJO
animal,6,read,253,animal,20.400009155273438,24,9,CONEJO
animal,6,read,253,animal,21.250009536743164,25,9,CONEJO
animal,6,read,253,animal,22.10000991821289,26,9,CONEJO
animal,6,read,253,animal,22.950010299682617,27,9,CONEJO
animal,6,read,254,animal,30.600013732910156,36,16,ELEFANTE
animal,6,read,254,animal,31.450014114379883,37,16,ELEFANTE
animal,6,read,254,animal,32.30001449584961,38,16,ELEFANTE
animal,6,read,254,animal,33.150014877319336,39,16,ELEFANTE
animal,6,read,254,animal,34.00001525878906,40,16,ELEFANTE
animal,6,read,254,animal,34.85001564025879,41,16,ELEFANTE
animal,6,read,255,animal,43.350019454956055,51,2,PERRO
animal,6,read,255,animal,44.20001983642578,52,2,PERRO
animal,6,read,255,animal,45.05002021789551,53,2,PERRO
animal,6,read,255,animal,45.900020599365234,54,2,PERRO
animal,6,read,255,animal,46.75002098083496,55,2,PERRO
animal,6,read,255,animal,47.60002136230469,56,2,PERRO
animal,6,read,256,animal,56.10002517700195,66,7,YEGUA
animal,6,read,256,animal,56.95002555847168,67,7,YEGUA
animal,6,read,256,animal,57.800025939941406,68,7,YEGUA
animal,6,read,256,animal,58.65002632141113,69,7,YEGUA
animal,6,read,256,animal,59.50002670288086,70,7,YEGUA
animal,6,read,256,animal,60.350027084350586,71,7,YEGUA
animal,6,read,257,animal,68.00003051757812,80,3,OVEJA
animal,6,read,257,animal,68.85003089904785,81,3,OVEJA
animal,6,read,257,animal,69.70003128051758,82,3,OVEJA
animal,6,read,257,animal,70.5500316619873,83,3,OVEJA
animal,6,read,257,animal,71.40003204345703,84,3,OVEJA
animal,6,read,257,animal,72.25003242492676,85,3,OVEJA
tool,6,read,258,tool,79.05003547668457,93,21,AGUJA
tool,6,read,258,tool,79.9000358581543,94,21,AGUJA
tool,6,read,258,tool,80.75003623962402,95,21,AGUJA
tool,6,read,258,tool,81.60003662109375,96,21,AGUJA
tool,6,read,258,tool,82.45003700256348,97,21,AGUJA
tool,6,read,258,tool,83.3000373840332,98,21,AGUJA
tool,6,read,258,tool,84.15003776550293,99,21,AGUJA
tool,6,read,259,tool,92.6500415802002,109,18,LLAVE
tool,6,read,259,tool,93.50004196166992,110,18,LLAVE
tool,6,read,259,tool,94.35004234313965,111,18,LLAVE
tool,6,read,259,tool,95.20004272460938,112,18,LLAVE
tool,6,read,259,tool,96.0500431060791,113,18,LLAVE
tool,6,read,259,tool,96.90004348754883,114,18,LLAVE
tool,6,read,260,tool,105.4000473022461,124,31,SOPLETE
tool,6,read,260,tool,106.25004768371582,125,31,SOPLETE
tool,6,read,260,tool,107.10004806518555,126,31,SOPLETE
tool,6,read,260,tool,107.95004844665527,127,31,SOPLETE
tool,6,read,260,tool,108.800048828125,128,31,SOPLETE
tool,6,read,260,tool,109.65004920959473,129,31,SOPLETE
animal,6,read,261,animal,117.30005264282227,138,13,TORTUGA
animal,6,read,261,animal,118.15005302429199,139,13,TORTUGA
animal,6,read,261,animal,119.00005340576172,140,13,TORTUGA
animal,6,read,261,animal,119.85005378723145,141,13,TORTUGA
animal,6,read,261,animal,120.70005416870117,142,13,TORTUGA
animal,6,read,261,animal,121.5500545501709,143,13,TORTUGA
tool,6,read,262,tool,129.20005798339844,152,23,SIERRA
tool,6,read,262,tool,130.05005836486816,153,23,SIERRA
tool,6,read,262,tool,130.9000587463379,154,23,SIERRA
tool,6,read,262,tool,131.75005912780762,155,23,SIERRA
tool,6,read,262,tool,132.60005950927734,156,23,SIERRA
tool,6,read,262,tool,133.45005989074707,157,23,SIERRA
tool,6,read,263,tool,140.25006294250488,165,28,NAVAJA
tool,6,read,263,tool,141.1000633239746,166,28,NAVAJA
tool,6,read,263,tool,141.95006370544434,167,28,NAVAJA
tool,6,read,263,tool,142.80006408691406,168,28,NAVAJA
tool,6,read,263,tool,143.6500644683838,169,28,NAVAJA
tool,6,read,263,tool,144.50006484985352,170,28,NAVAJA
tool,6,read,263,tool,145.35006523132324,171,28,NAVAJA
tool,6,read,264,tool,153.00006866455078,180,33,CUCHARA
tool,6,read,264,tool,153.8500690460205,181,33,CUCHARA
tool,6,read,264,tool,154.70006942749023,182,33,CUCHARA
tool,6,read,264,tool,155.55006980895996,183,33,CUCHARA
tool,6,read,264,tool,156.4000701904297,184,33,CUCHARA
tool,6,read,264,tool,157.2500705718994,185,33,CUCHARA
tool,6,read,264,tool,158.10007095336914,186,33,CUCHARA
animal,6,read,265,animal,165.75007438659668,195,1,GALLO
animal,6,read,265,animal,166.6000747680664,196,1,GALLO
animal,6,read,265,animal,167.45007514953613,197,1,GALLO
animal,6,read,265,animal,168.30007553100586,198,1,GALLO
animal,6,read,265,animal,169.1500759124756,199,1,GALLO
animal,6,read,265,animal,170.0000762939453,200,1,GALLO
tool,6,read,266,tool,177.65007972717285,209,25,PINCEL
tool,6,read,266,tool,178.50008010864258,210,25,PINCEL
tool,6,read,266,tool,179.3500804901123,211,25,PINCEL
tool,6,read,266,tool,180.20008087158203,212,25,PINCEL
tool,6,read,266,tool,181.05008125305176,213,25,PINCEL
tool,6,read,266,tool,181.90008163452148,214,25,PINCEL
animal,6,read,267,animal,190.40008544921875,224,14,PANTERA
animal,6,read,267,animal,191.25008583068848,225,14,PANTERA
animal,6,read,267,animal,192.1000862121582,226,14,PANTERA
animal,6,read,267,animal,192.95008659362793,227,14,PANTERA
animal,6,read,267,animal,193.80008697509766,228,14,PANTERA
animal,6,read,267,animal,194.65008735656738,229,14,PANTERA
animal,6,read,268,animal,202.30009078979492,238,15,CAMELLO
animal,6,read,268,animal,203.15009117126465,239,15,CAMELLO
animal,6,read,268,animal,204.00009155273438,240,15,CAMELLO
animal,6,read,268,animal,204.8500919342041,241,15,CAMELLO
animal,6,read,268,animal,205.70009231567383,242,15,CAMELLO
animal,6,read,268,animal,206.55009269714355,243,15,CAMELLO
tool,6,read,269,tool,215.05009651184082,253,19,LAPIZ
tool,6,read,269,tool,215.90009689331055,254,19,LAPIZ
tool,6,read,269,tool,216.75009727478027,255,19,LAPIZ
tool,6,read,269,tool,217.60009765625,256,19,LAPIZ
tool,6,read,269,tool,218.45009803771973,257,19,LAPIZ
tool,6,read,269,tool,219.30009841918945,258,19,LAPIZ
tool,6,read,270,tool,226.10010147094727,266,29,CEPILLO
tool,6,read,270,tool,226.950101852417,267,29,CEPILLO
tool,6,read,270,tool,227.80010223388672,268,29,CEPILLO
tool,6,read,270,tool,228.65010261535645,269,29,CEPILLO
tool,6,read,270,tool,229.50010299682617,270,29,CEPILLO
tool,6,read,270,tool,230.3501033782959,271,29,CEPILLO
tool,6,read,271,tool,238.85010719299316,281,27,TUERCA
tool,6,read,271,tool,239.7001075744629,282,27,TUERCA
tool,6,read,271,tool,240.55010795593262,283,27,TUERCA
tool,6,read,271,tool,241.40010833740234,284,27,TUERCA
tool,6,read,271,tool,242.25010871887207,285,27,TUERCA
tool,6,read,271,tool,243.1001091003418,286,27,TUERCA
tool,6,read,272,tool,250.75011253356934,295,32,TORNILLO
tool,6,read,272,tool,251.60011291503906,296,32,TORNILLO
tool,6,read,272,tool,252.4501132965088,297,32,TORNILLO
tool,6,read,272,tool,253.30011367797852,298,32,TORNILLO
tool,6,read,272,tool,254.15011405944824,299,32,TORNILLO
tool,6,read,272,tool,255.00011444091797,300,32,TORNILLO
animal,6,read,273,animal,264.35011863708496,311,11,CABALLO
animal,6,read,273,animal,265.2001190185547,312,11,CABALLO
animal,6,read,273,animal,266.0501194000244,313,11,CABALLO
animal,6,read,273,animal,266.90011978149414,314,11,CABALLO
animal,6,read,273,animal,267.75012016296387,315,11,CABALLO
animal,6,read,273,animal,268.6001205444336,316,11,CABALLO
tool,6,read,274,tool,276.25012397766113,325,22,PINZA
tool,6,read,274,tool,277.10012435913086,326,22,PINZA
tool,6,read,274,tool,277.9501247406006,327,22,PINZA
tool,6,read,274,tool,278.8001251220703,328,22,PINZA
tool,6,read,274,tool,279.65012550354004,329,22,PINZA
tool,6,read,274,tool,280.50012588500977,330,22,PINZA
animal,6,read,275,animal,288.1501293182373,339,17,CANGURO
animal,6,read,275,animal,289.00012969970703,340,17,CANGURO
animal,6,read,275,animal,289.85013008117676,341,17,CANGURO
animal,6,read,275,animal,290.7001304626465,342,17,CANGURO
animal,6,read,275,animal,291.5501308441162,343,17,CANGURO
animal,6,read,275,animal,292.40013122558594,344,17,CANGURO
tool,6,read,276,tool,301.75013542175293,355,24,CLAVO
tool,6,read,276,tool,302.60013580322266,356,24,CLAVO
tool,6,read,276,tool,303.4501361846924,357,24,CLAVO
tool,6,read,276,tool,304.3001365661621,358,24,CLAVO
tool,6,read,276,tool,305.15013694763184,359,24,CLAVO
tool,6,read,276,tool,306.00013732910156,360,24,CLAVO
tool,6,read,277,tool,313.6501407623291,369,34,MARTILLO
tool,6,read,277,tool,314.5001411437988,370,34,MARTILLO
tool,6,read,277,tool,315.35014152526855,371,34,MARTILLO
tool,6,read,277,tool,316.2001419067383,372,34,MARTILLO
tool,6,read,277,tool,317.050142288208,373,34,MARTILLO
tool,6,read,277,tool,317.90014266967773,374,34,MARTILLO
animal,6,read,279,animal,338.3001518249512,398,0,TIGRE
animal,6,read,279,animal,339.1501522064209,399,0,TIGRE
animal,6,read,279,animal,340.0001525878906,400,0,TIGRE
animal,6,read,279,animal,340.85015296936035,401,0,TIGRE
animal,6,read,279,animal,341.7001533508301,402,0,TIGRE
animal,6,read,279,animal,342.5501537322998,403,0,TIGRE
animal,6,read,280,animal,350.20015716552734,412,6,BURRO
animal,6,read,280,animal,351.05015754699707,413,6,BURRO
animal,6,read,280,animal,351.9001579284668,414,6,BURRO
animal,6,read,280,animal,352.7501583099365,415,6,BURRO
animal,6,read,280,animal,353.60015869140625,416,6,BURRO
animal,6,read,280,animal,354.450159072876,417,6,BURRO
tool,6,read,281,tool,361.2501621246338,425,26,ALICATE
tool,6,read,281,tool,362.1001625061035,426,26,ALICATE
tool,6,read,281,tool,362.95016288757324,427,26,ALICATE
tool,6,read,281,tool,363.80016326904297,428,26,ALICATE
tool,6,read,281,tool,364.6501636505127,429,26,ALICATE
tool,6,read,281,tool,365.5001640319824,430,26,ALICATE
tool,6,read,281,tool,366.35016441345215,431,26,ALICATE
animal,6,read,282,animal,373.15016746520996,439,12,BALLENA
animal,6,read,282,animal,374.0001678466797,440,12,BALLENA
animal,6,read,282,animal,374.8501682281494,441,12,BALLENA
animal,6,read,282,animal,375.70016860961914,442,12,BALLENA
animal,6,read,282,animal,376.55016899108887,443,12,BALLENA
animal,6,read,282,animal,377.4001693725586,444,12,BALLENA
animal,6,read,283,animal,385.05017280578613,453,10,GALLINA
animal,6,read,283,animal,385.90017318725586,454,10,GALLINA
animal,6,read,283,animal,386.7501735687256,455,10,GALLINA
animal,6,read,283,animal,387.6001739501953,456,10,GALLINA
animal,6,read,283,animal,388.45017433166504,457,10,GALLINA
animal,6,read,283,animal,389.30017471313477,458,10,GALLINA
tool,6,read,284,tool,396.9501781463623,467,20,TIJERA
tool,6,read,284,tool,397.80017852783203,468,20,TIJERA
tool,6,read,284,tool,398.65017890930176,469,20,TIJERA
tool,6,read,284,tool,399.5001792907715,470,20,TIJERA
tool,6,read,284,tool,400.3501796722412,471,20,TIJERA
tool,6,read,284,tool,401.20018005371094,472,20,TIJERA
animal,6,read,285,animal,408.8501834869385,481,8,ARDILLA
animal,6,read,285,animal,409.7001838684082,482,8,ARDILLA
animal,6,read,285,animal,410.55018424987793,483,8,ARDILLA
animal,6,read,285,animal,411.40018463134766,484,8,ARDILLA
animal,6,read,285,animal,412.2501850128174,485,8,ARDILLA
animal,6,read,285,animal,413.1001853942871,486,8,ARDILLA
tool,6,read,286,tool,420.75018882751465,495,35,CUCHILLO
tool,6,read,286,tool,421.6001892089844,496,35,CUCHILLO
tool,6,read,286,tool,422.4501895904541,497,35,CUCHILLO
tool,6,read,286,tool,423.3001899719238,498,35,CUCHILLO
tool,6,read,286,tool,424.15019035339355,499,35,CUCHILLO
tool,6,read,286,tool,425.0001907348633,500,35,CUCHILLO
tool,6,read,287,tool,432.6501941680908,509,30,TALADRO
tool,6,read,287,tool,433.50019454956055,510,30,TALADRO
tool,6,read,287,tool,434.3501949310303,511,30,TALADRO
tool,6,read,287,tool,435.2001953125,512,30,TALADRO
tool,6,read,287,tool,436.0501956939697,513,30,TALADRO
tool,6,read,287,tool,436.90019607543945,514,30,TALADRO
tool,7,reenact,108,tool,6.8000030517578125,8,33,CUCHARA
tool,7,reenact,108,tool,7.650003433227539,9,33,CUCHARA
tool,7,reenact,108,tool,8.500003814697266,10,33,CUCHARA
tool,7,reenact,108,tool,9.350004196166992,11,33,CUCHARA
tool,7,reenact,108,tool,10.200004577636719,12,33,CUCHARA
tool,7,reenact,108,tool,11.050004959106445,13,33,CUCHARA
tool,7,reenact,110,tool,30.600013732910156,36,32,TORNILLO
tool,7,reenact,110,tool,31.450014114379883,37,32,TORNILLO
tool,7,reenact,110,tool,32.30001449584961,38,32,TORNILLO
tool,7,reenact,110,tool,33.150014877319336,39,32,TORNILLO
tool,7,reenact,110,tool,34.00001525878906,40,32,TORNILLO
tool,7,reenact,110,tool,34.85001564025879,41,32,TORNILLO
tool,7,reenact,111,tool,42.50001907348633,50,18,LLAVE
tool,7,reenact,111,tool,43.350019454956055,51,18,LLAVE
tool,7,reenact,111,tool,44.20001983642578,52,18,LLAVE
tool,7,reenact,111,tool,45.05002021789551,53,18,LLAVE
tool,7,reenact,111,tool,45.900020599365234,54,18,LLAVE
tool,7,reenact,111,tool,46.75002098083496,55,18,LLAVE
animal,7,reenact,112,animal,55.25002479553223,65,6,BURRO
animal,7,reenact,112,animal,56.10002517700195,66,6,BURRO
animal,7,reenact,112,animal,56.95002555847168,67,6,BURRO
animal,7,reenact,112,animal,57.800025939941406,68,6,BURRO
animal,7,reenact,112,animal,58.65002632141113,69,6,BURRO
animal,7,reenact,112,animal,59.50002670288086,70,6,BURRO
animal,7,reenact,113,animal,67.1500301361084,79,2,PERRO
animal,7,reenact,113,animal,68.00003051757812,80,2,PERRO
animal,7,reenact,113,animal,68.85003089904785,81,2,PERRO
animal,7,reenact,113,animal,69.70003128051758,82,2,PERRO
animal,7,reenact,113,animal,70.5500316619873,83,2,PERRO
animal,7,reenact,113,animal,71.40003204345703,84,2,PERRO
tool,7,reenact,114,tool,79.05003547668457,93,23,SIERRA
tool,7,reenact,114,tool,79.9000358581543,94,23,SIERRA
tool,7,reenact,114,tool,80.75003623962402,95,23,SIERRA
tool,7,reenact,114,tool,81.60003662109375,96,23,SIERRA
tool,7,reenact,114,tool,82.45003700256348,97,23,SIERRA
tool,7,reenact,114,tool,83.3000373840332,98,23,SIERRA
animal,7,reenact,115,animal,90.95004081726074,107,7,YEGUA
animal,7,reenact,115,animal,91.80004119873047,108,7,YEGUA
animal,7,reenact,115,animal,92.6500415802002,109,7,YEGUA
animal,7,reenact,115,animal,93.50004196166992,110,7,YEGUA
animal,7,reenact,115,animal,94.35004234313965,111,7,YEGUA
animal,7,reenact,115,animal,95.20004272460938,112,7,YEGUA
animal,7,reenact,116,animal,102.00004577636719,120,3,OVEJA
animal,7,reenact,116,animal,102.85004615783691,121,3,OVEJA
animal,7,reenact,116,animal,103.70004653930664,122,3,OVEJA
animal,7,reenact,116,animal,104.55004692077637,123,3,OVEJA
animal,7,reenact,116,animal,105.4000473022461,124,3,OVEJA
animal,7,reenact,116,animal,106.25004768371582,125,3,OVEJA
animal,7,reenact,116,animal,107.10004806518555,126,3,OVEJA
animal,7,reenact,117,animal,113.90005111694336,134,12,BALLENA
animal,7,reenact,117,animal,114.75005149841309,135,12,BALLENA
animal,7,reenact,117,animal,115.60005187988281,136,12,BALLENA
animal,7,reenact,117,animal,116.45005226135254,137,12,BALLENA
animal,7,reenact,117,animal,117.30005264282227,138,12,BALLENA
animal,7,reenact,117,animal,118.15005302429199,139,12,BALLENA
tool,7,reenact,118,tool,125.80005645751953,148,24,CLAVO
tool,7,reenact,118,tool,126.65005683898926,149,24,CLAVO
tool,7,reenact,118,tool,127.50005722045898,150,24,CLAVO
tool,7,reenact,118,tool,128.3500576019287,151,24,CLAVO
tool,7,reenact,118,tool,129.20005798339844,152,24,CLAVO
tool,7,reenact,118,tool,130.05005836486816,153,24,CLAVO
tool,7,reenact,119,tool,138.55006217956543,163,30,TALADRO
tool,7,reenact,119,tool,139.40006256103516,164,30,TALADRO
tool,7,reenact,119,tool,140.25006294250488,165,30,TALADRO
tool,7,reenact,119,tool,141.1000633239746,166,30,TALADRO
tool,7,reenact,119,tool,141.95006370544434,167,30,TALADRO
tool,7,reenact,119,tool,142.80006408691406,168,30,TALADRO
animal,7,reenact,120,animal,150.4500675201416,177,11,CABALLO
animal,7,reenact,120,animal,151.30006790161133,178,11,CABALLO
animal,7,reenact,120,animal,152.15006828308105,179,11,CABALLO
animal,7,reenact,120,animal,153.00006866455078,180,11,CABALLO
animal,7,reenact,120,animal,153.8500690460205,181,11,CABALLO
animal,7,reenact,120,animal,154.70006942749023,182,11,CABALLO
tool,7,reenact,121,tool,164.05007362365723,193,31,SOPLETE
tool,7,reenact,121,tool,164.90007400512695,194,31,SOPLETE
tool,7,reenact,121,tool,165.75007438659668,195,31,SOPLETE
tool,7,reenact,121,tool,166.6000747680664,196,31,SOPLETE
tool,7,reenact,121,tool,167.45007514953613,197,31,SOPLETE
tool,7,reenact,121,tool,168.30007553100586,198,31,SOPLETE
animal,7,reenact,122,animal,175.10007858276367,206,15,CAMELLO
animal,7,reenact,122,animal,175.9500789642334,207,15,CAMELLO
animal,7,reenact,122,animal,176.80007934570312,208,15,CAMELLO
animal,7,reenact,122,animal,177.65007972717285,209,15,CAMELLO
animal,7,reenact,122,animal,178.50008010864258,210,15,CAMELLO
animal,7,reenact,122,animal,179.3500804901123,211,15,CAMELLO
tool,7,reenact,123,tool,187.85008430480957,221,22,PINZA
tool,7,reenact,123,tool,188.7000846862793,222,22,PINZA
tool,7,reenact,123,tool,189.55008506774902,223,22,PINZA
tool,7,reenact,123,tool,190.40008544921875,224,22,PINZA
tool,7,reenact,123,tool,191.25008583068848,225,22,PINZA
tool,7,reenact,123,tool,192.1000862121582,226,22,PINZA
tool,7,reenact,124,tool,199.75008964538574,235,35,CUCHILLO
tool,7,reenact,124,tool,200.60009002685547,236,35,CUCHILLO
tool,7,reenact,124,tool,201.4500904083252,237,35,CUCHILLO
tool,7,reenact,124,tool,202.30009078979492,238,35,CUCHILLO
tool,7,reenact,124,tool,203.15009117126465,239,35,CUCHILLO
tool,7,reenact,124,tool,204.00009155273438,240,35,CUCHILLO
animal,7,reenact,125,animal,211.6500949859619,249,4,CERDO
animal,7,reenact,125,animal,212.50009536743164,250,4,CERDO
animal,7,reenact,125,animal,213.35009574890137,251,4,CERDO
animal,7,reenact,125,animal,214.2000961303711,252,4,CERDO
animal,7,reenact,125,animal,215.05009651184082,253,4,CERDO
animal,7,reenact,125,animal,215.90009689331055,254,4,CERDO
tool,7,reenact,126,tool,223.5501003265381,263,28,NAVAJA
tool,7,reenact,126,tool,224.4001007080078,264,28,NAVAJA
tool,7,reenact,126,tool,225.25010108947754,265,28,NAVAJA
tool,7,reenact,126,tool,226.10010147094727,266,28,NAVAJA
tool,7,reenact,126,tool,226.950101852417,267,28,NAVAJA
tool,7,reenact,126,tool,227.80010223388672,268,28,NAVAJA
tool,7,reenact,126,tool,228.65010261535645,269,28,NAVAJA
animal,7,reenact,127,animal,236.30010604858398,278,0,TIGRE
animal,7,reenact,127,animal,237.1501064300537,279,0,TIGRE
animal,7,reenact,127,animal,238.00010681152344,280,0,TIGRE
animal,7,reenact,127,animal,238.85010719299316,281,0,TIGRE
animal,7,reenact,127,animal,239.7001075744629,282,0,TIGRE
animal,7,reenact,127,animal,240.55010795593262,283,0,TIGRE
animal,7,reenact,127,animal,241.40010833740234,284,0,TIGRE
tool,7,reenact,128,tool,249.05011177062988,293,20,TIJERA
tool,7,reenact,128,tool,249.9001121520996,294,20,TIJERA
tool,7,reenact,128,tool,250.75011253356934,295,20,TIJERA
tool,7,reenact,128,tool,251.60011291503906,296,20,TIJERA
tool,7,reenact,128,tool,252.4501132965088,297,20,TIJERA
tool,7,reenact,128,tool,253.30011367797852,298,20,TIJERA
tool,7,reenact,128,tool,254.15011405944824,299,20,TIJERA
tool,7,reenact,129,tool,260.95011711120605,307,34,MARTILLO
tool,7,reenact,129,tool,261.8001174926758,308,34,MARTILLO
tool,7,reenact,129,tool,262.6501178741455,309,34,MARTILLO
tool,7,reenact,129,tool,263.50011825561523,310,34,MARTILLO
tool,7,reenact,129,tool,264.35011863708496,311,34,MARTILLO
tool,7,reenact,129,tool,265.2001190185547,312,34,MARTILLO
animal,7,reenact,130,animal,273.70012283325195,322,17,CANGURO
animal,7,reenact,130,animal,274.5501232147217,323,17,CANGURO
animal,7,reenact,130,animal,275.4001235961914,324,17,CANGURO
animal,7,reenact,130,animal,276.25012397766113,325,17,CANGURO
animal,7,reenact,130,animal,277.10012435913086,326,17,CANGURO
animal,7,reenact,130,animal,277.9501247406006,327,17,CANGURO
tool,7,reenact,131,tool,284.7501277923584,335,19,LAPIZ
tool,7,reenact,131,tool,285.6001281738281,336,19,LAPIZ
tool,7,reenact,131,tool,286.45012855529785,337,19,LAPIZ
tool,7,reenact,131,tool,287.3001289367676,338,19,LAPIZ
tool,7,reenact,131,tool,288.1501293182373,339,19,LAPIZ
tool,7,reenact,131,tool,289.00012969970703,340,19,LAPIZ
tool,7,reenact,131,tool,289.85013008117676,341,19,LAPIZ
animal,7,reenact,132,animal,297.5001335144043,350,1,GALLO
animal,7,reenact,132,animal,298.350133895874,351,1,GALLO
animal,7,reenact,132,animal,299.20013427734375,352,1,GALLO
animal,7,reenact,132,animal,300.0501346588135,353,1,GALLO
animal,7,reenact,132,animal,300.9001350402832,354,1,GALLO
animal,7,reenact,132,animal,301.75013542175293,355,1,GALLO
animal,7,reenact,132,animal,302.60013580322266,356,1,GALLO
tool,7,reenact,133,tool,310.2501392364502,365,21,AGUJA
tool,7,reenact,133,tool,311.1001396179199,366,21,AGUJA
tool,7,reenact,133,tool,311.95013999938965,367,21,AGUJA
tool,7,reenact,133,tool,312.8001403808594,368,21,AGUJA
tool,7,reenact,133,tool,313.6501407623291,369,21,AGUJA
tool,7,reenact,133,tool,314.5001411437988,370,21,AGUJA
tool,7,reenact,134,tool,322.15014457702637,379,25,PINCEL
tool,7,reenact,134,tool,323.0001449584961,380,25,PINCEL
tool,7,reenact,134,tool,323.8501453399658,381,25,PINCEL
tool,7,reenact,134,tool,324.70014572143555,382,25,PINCEL
tool,7,reenact,134,tool,325.5501461029053,383,25,PINCEL
tool,7,reenact,134,tool,326.400146484375,384,25,PINCEL
tool,7,reenact,135,tool,334.90015029907227,394,27,TUERCA
tool,7,reenact,135,tool,335.750150680542,395,27,TUERCA
tool,7,reenact,135,tool,336.6001510620117,396,27,TUERCA
tool,7,reenact,135,tool,337.45015144348145,397,27,TUERCA
tool,7,reenact,135,tool,338.3001518249512,398,27,TUERCA
tool,7,reenact,135,tool,339.1501522064209,399,27,TUERCA
tool,7,reenact,136,tool,346.80015563964844,408,26,ALICATE
tool,7,reenact,136,tool,347.65015602111816,409,26,ALICATE
tool,7,reenact,136,tool,348.5001564025879,410,26,ALICATE
tool,7,reenact,136,tool,349.3501567840576,411,26,ALICATE
tool,7,reenact,136,tool,350.20015716552734,412,26,ALICATE
tool,7,reenact,136,tool,351.05015754699707,413,26,ALICATE
animal,7,reenact,137,animal,359.55016136169434,423,10,GALLINA
animal,7,reenact,137,animal,360.40016174316406,424,10,GALLINA
animal,7,reenact,137,animal,361.2501621246338,425,10,GALLINA
animal,7,reenact,137,animal,362.1001625061035,426,10,GALLINA
animal,7,reenact,137,animal,362.95016288757324,427,10,GALLINA
animal,7,reenact,137,animal,363.80016326904297,428,10,GALLINA
animal,7,reenact,138,animal,371.4501667022705,437,13,TORTUGA
animal,7,reenact,138,animal,372.30016708374023,438,13,TORTUGA
animal,7,reenact,138,animal,373.15016746520996,439,13,TORTUGA
animal,7,reenact,138,animal,374.0001678466797,440,13,TORTUGA
animal,7,reenact,138,animal,374.8501682281494,441,13,TORTUGA
animal,7,reenact,138,animal,375.70016860961914,442,13,TORTUGA
animal,7,reenact,139,animal,383.3501720428467,451,5,GORILA
animal,7,reenact,139,animal,384.2001724243164,452,5,GORILA
animal,7,reenact,139,animal,385.05017280578613,453,5,GORILA
animal,7,reenact,139,animal,385.90017318725586,454,5,GORILA
animal,7,reenact,139,animal,386.7501735687256,455,5,GORILA
animal,7,reenact,139,animal,387.6001739501953,456,5,GORILA
animal,7,reenact,140,animal,395.25017738342285,465,8,ARDILLA
animal,7,reenact,140,animal,396.1001777648926,466,8,ARDILLA
animal,7,reenact,140,animal,396.9501781463623,467,8,ARDILLA
animal,7,reenact,140,animal,397.80017852783203,468,8,ARDILLA
animal,7,reenact,140,animal,398.65017890930176,469,8,ARDILLA
animal,7,reenact,140,animal,399.5001792907715,470,8,ARDILLA
animal,7,reenact,141,animal,406.3001823425293,478,14,PANTERA
animal,7,reenact,141,animal,407.150182723999,479,14,PANTERA
animal,7,reenact,141,animal,408.00018310546875,480,14,PANTERA
animal,7,reenact,141,animal,408.8501834869385,481,14,PANTERA
animal,7,reenact,141,animal,409.7001838684082,482,14,PANTERA
animal,7,reenact,141,animal,410.55018424987793,483,14,PANTERA
animal,7,reenact,141,animal,411.40018463134766,484,14,PANTERA
animal,7,reenact,142,animal,418.20018768310547,492,16,ELEFANTE
animal,7,reenact,142,animal,419.0501880645752,493,16,ELEFANTE
animal,7,reenact,142,animal,419.9001884460449,494,16,ELEFANTE
animal,7,reenact,142,animal,420.75018882751465,495,16,ELEFANTE
animal,7,reenact,142,animal,421.6001892089844,496,16,ELEFANTE
animal,7,reenact,142,animal,422.4501895904541,497,16,ELEFANTE
tool,7,reenact,143,tool,430.10019302368164,506,29,CEPILLO
tool,7,reenact,143,tool,430.95019340515137,507,29,CEPILLO
tool,7,reenact,143,tool,431.8001937866211,508,29,CEPILLO
tool,7,reenact,143,tool,432.6501941680908,509,29,CEPILLO
tool,7,reenact,143,tool,433.50019454956055,510,29,CEPILLO
tool,7,reenact,143,tool,434.3501949310303,511,29,CEPILLO
